# Deterministic small terrain-conforming semantic islands
mtllib grass_small_patches.mtl
o grass_small_patches
usemtl grass_small_patches_material
v 10.200000 9.400000 0.158863
v 10.400000 9.400000 0.158863
v 10.600000 9.400000 0.149059
v 10.800000 9.400000 0.149059
v 11.000000 9.400000 0.149059
v 9.800000 9.600000 0.139255
v 10.000000 9.600000 0.139255
v 10.200000 9.600000 0.139255
v 10.400000 9.600000 0.129451
v 10.600000 9.600000 0.129451
v 10.800000 9.600000 0.129451
v 11.000000 9.600000 0.129451
v 11.200000 9.600000 0.129451
v 9.600000 9.800000 0.119647
v 9.800000 9.800000 0.119647
v 10.000000 9.800000 0.119647
v 10.200000 9.800000 0.119647
v 10.400000 9.800000 0.109843
v 10.600000 9.800000 0.109843
v 10.800000 9.800000 0.109843
v 11.000000 9.800000 0.109843
v 11.200000 9.800000 0.109843
v 11.400000 9.800000 0.109843
v 9.600000 10.000000 0.109843
v 9.800000 10.000000 0.100039
v 10.000000 10.000000 0.100039
v 10.200000 10.000000 0.100039
v 10.400000 10.000000 0.100039
v 10.600000 10.000000 0.090235
v 10.800000 10.000000 0.090235
v 11.000000 10.000000 0.090235
v 11.200000 10.000000 0.090235
v 11.400000 10.000000 0.090235
v 11.600000 10.000000 0.090235
v 9.600000 10.200000 0.090235
v 9.800000 10.200000 0.090235
v 10.000000 10.200000 0.090235
v 10.200000 10.200000 0.080431
v 10.400000 10.200000 0.080431
v 10.600000 10.200000 0.080431
v 10.800000 10.200000 0.080431
v 11.000000 10.200000 0.080431
v 11.200000 10.200000 0.070627
v 11.400000 10.200000 0.070627
v 11.600000 10.200000 0.070627
v 9.600000 10.400000 0.080431
v 9.800000 10.400000 0.080431
v 10.000000 10.400000 0.070627
v 10.200000 10.400000 0.070627
v 10.400000 10.400000 0.070627
v 10.600000 10.400000 0.070627
v 10.800000 10.400000 0.060824
v 11.000000 10.400000 0.060824
v 11.200000 10.400000 0.060824
v 11.400000 10.400000 0.060824
v 11.600000 10.400000 0.060824
v 9.600000 10.600000 0.080431
v 9.800000 10.600000 0.070627
v 10.000000 10.600000 0.060824
v 10.200000 10.600000 0.060824
v 10.400000 10.600000 0.060824
v 10.600000 10.600000 0.060824
v 10.800000 10.600000 0.051020
v 11.000000 10.600000 0.051020
v 11.200000 10.600000 0.051020
v 11.400000 10.600000 0.051020
v 11.600000 10.600000 0.051020
v 9.600000 10.800000 0.070627
v 9.800000 10.800000 0.060824
v 10.000000 10.800000 0.060824
v 10.200000 10.800000 0.051020
v 10.400000 10.800000 0.051020
v 10.600000 10.800000 0.051020
v 10.800000 10.800000 0.051020
v 11.000000 10.800000 0.051020
v 11.200000 10.800000 0.041216
v 11.400000 10.800000 0.041216
v 9.800000 11.000000 0.060824
v 10.000000 11.000000 0.051020
v 10.200000 11.000000 0.051020
v 10.400000 11.000000 0.041216
v 10.600000 11.000000 0.041216
v 10.800000 11.000000 0.041216
v 11.000000 11.000000 0.041216
v 11.200000 11.000000 0.041216
v 11.400000 11.000000 0.041216
v 9.800000 11.200000 0.060824
v 10.000000 11.200000 0.051020
v 10.200000 11.200000 0.041216
v 10.400000 11.200000 0.041216
v 10.600000 11.200000 0.041216
v 10.800000 11.200000 0.041216
v 11.000000 11.200000 0.031412
v 11.200000 11.200000 0.031412
v 11.400000 11.200000 0.031412
v 10.400000 11.400000 0.041216
v 10.600000 11.400000 0.031412
v 10.800000 11.400000 0.031412
v 11.000000 11.400000 0.031412
v 11.200000 11.400000 0.031412
v 17.800000 -0.600000 0.815725
v 18.000000 -0.600000 0.766706
v 18.200000 -0.600000 0.727490
v 18.400000 -0.600000 0.688275
v 18.600000 -0.600000 0.639255
v 17.400000 -0.400000 0.913765
v 17.600000 -0.400000 0.864745
v 17.800000 -0.400000 0.815725
v 18.000000 -0.400000 0.776510
v 18.200000 -0.400000 0.727490
v 18.400000 -0.400000 0.688275
v 18.600000 -0.400000 0.649059
v 18.800000 -0.400000 0.609843
v 17.200000 -0.200000 0.962784
v 17.400000 -0.200000 0.913765
v 17.600000 -0.200000 0.864745
v 17.800000 -0.200000 0.825529
v 18.000000 -0.200000 0.776510
v 18.200000 -0.200000 0.737294
v 18.400000 -0.200000 0.688275
v 18.600000 -0.200000 0.649059
v 18.800000 -0.200000 0.609843
v 19.000000 -0.200000 0.580431
v 17.200000 -0.000000 0.962784
v 17.400000 -0.000000 0.913765
v 17.600000 -0.000000 0.864745
v 17.800000 -0.000000 0.825529
v 18.000000 -0.000000 0.776510
v 18.200000 -0.000000 0.737294
v 18.400000 -0.000000 0.688275
v 18.600000 -0.000000 0.649059
v 18.800000 -0.000000 0.609843
v 19.000000 -0.000000 0.580431
v 19.200000 -0.000000 0.541216
v 17.200000 0.200000 0.962784
v 17.400000 0.200000 0.913765
v 17.600000 0.200000 0.864745
v 17.800000 0.200000 0.825529
v 18.000000 0.200000 0.776510
v 18.200000 0.200000 0.737294
v 18.400000 0.200000 0.688275
v 18.600000 0.200000 0.649059
v 18.800000 0.200000 0.609843
v 19.000000 0.200000 0.580431
v 19.200000 0.200000 0.541216
v 17.200000 0.400000 0.962784
v 17.400000 0.400000 0.913765
v 17.600000 0.400000 0.864745
v 17.800000 0.400000 0.825529
v 18.000000 0.400000 0.776510
v 18.200000 0.400000 0.737294
v 18.400000 0.400000 0.688275
v 18.600000 0.400000 0.649059
v 18.800000 0.400000 0.609843
v 19.000000 0.400000 0.580431
v 19.200000 0.400000 0.541216
v 17.200000 0.600000 0.962784
v 17.400000 0.600000 0.913765
v 17.600000 0.600000 0.864745
v 17.800000 0.600000 0.815725
v 18.000000 0.600000 0.776510
v 18.200000 0.600000 0.727490
v 18.400000 0.600000 0.688275
v 18.600000 0.600000 0.649059
v 18.800000 0.600000 0.609843
v 19.000000 0.600000 0.570627
v 19.200000 0.600000 0.541216
v 17.200000 0.800000 0.952980
v 17.400000 0.800000 0.903961
v 17.600000 0.800000 0.854941
v 17.800000 0.800000 0.815725
v 18.000000 0.800000 0.766706
v 18.200000 0.800000 0.727490
v 18.400000 0.800000 0.688275
v 18.600000 0.800000 0.639255
v 18.800000 0.800000 0.609843
v 19.000000 0.800000 0.570627
v 19.200000 0.800000 0.531412
v 17.200000 1.000000 0.943176
v 17.400000 1.000000 0.894157
v 17.600000 1.000000 0.854941
v 17.800000 1.000000 0.805922
v 18.000000 1.000000 0.766706
v 18.200000 1.000000 0.717686
v 18.400000 1.000000 0.678471
v 18.600000 1.000000 0.639255
v 18.800000 1.000000 0.600039
v 19.000000 1.000000 0.560824
v 19.200000 1.000000 0.531412
v 17.200000 1.200000 0.933373
v 17.400000 1.200000 0.894157
v 17.600000 1.200000 0.845137
v 17.800000 1.200000 0.796118
v 18.000000 1.200000 0.756902
v 18.200000 1.200000 0.707882
v 18.400000 1.200000 0.668667
v 18.600000 1.200000 0.629451
v 18.800000 1.200000 0.590235
v 19.000000 1.200000 0.560824
v 17.200000 1.400000 0.923569
v 17.400000 1.400000 0.874549
v 17.600000 1.400000 0.835333
v 17.800000 1.400000 0.786314
v 18.000000 1.400000 0.747098
v 18.200000 1.400000 0.707882
v 18.400000 1.400000 0.658863
v 18.600000 1.400000 0.619647
v 18.800000 1.400000 0.590235
v 19.000000 1.400000 0.551020
v 17.800000 1.600000 0.776510
v 18.000000 1.600000 0.737294
v 18.200000 1.600000 0.698078
v 18.400000 1.600000 0.649059
v 18.600000 1.600000 0.619647
v 18.800000 1.600000 0.580431
v 16.000000 7.600000 0.207882
v 16.200000 7.600000 0.188275
v 16.400000 7.600000 0.178471
v 16.600000 7.600000 0.158863
v 16.800000 7.600000 0.139255
v 15.800000 7.800000 0.198078
v 16.000000 7.800000 0.178471
v 16.200000 7.800000 0.168667
v 16.400000 7.800000 0.149059
v 16.600000 7.800000 0.139255
v 16.800000 7.800000 0.119647
v 15.400000 8.000000 0.198078
v 15.600000 8.000000 0.188275
v 15.800000 8.000000 0.168667
v 16.000000 8.000000 0.158863
v 16.200000 8.000000 0.139255
v 16.400000 8.000000 0.129451
v 16.600000 8.000000 0.109843
v 16.800000 8.000000 0.100039
v 17.000000 8.000000 0.090235
v 15.400000 8.200000 0.168667
v 15.600000 8.200000 0.158863
v 15.800000 8.200000 0.149059
v 16.000000 8.200000 0.129451
v 16.200000 8.200000 0.119647
v 16.400000 8.200000 0.109843
v 16.600000 8.200000 0.090235
v 16.800000 8.200000 0.080431
v 17.000000 8.200000 0.070627
v 17.200000 8.200000 0.060824
v 17.400000 8.200000 0.051020
v 15.400000 8.400000 0.149059
v 15.600000 8.400000 0.129451
v 15.800000 8.400000 0.119647
v 16.000000 8.400000 0.109843
v 16.200000 8.400000 0.100039
v 16.400000 8.400000 0.090235
v 16.600000 8.400000 0.080431
v 16.800000 8.400000 0.070627
v 17.000000 8.400000 0.060824
v 17.200000 8.400000 0.051020
v 17.400000 8.400000 0.041216
v 15.400000 8.600000 0.119647
v 15.600000 8.600000 0.109843
v 15.800000 8.600000 0.100039
v 16.000000 8.600000 0.090235
v 16.200000 8.600000 0.080431
v 16.400000 8.600000 0.070627
v 16.600000 8.600000 0.060824
v 16.800000 8.600000 0.051020
v 17.000000 8.600000 0.051020
v 17.200000 8.600000 0.041216
v 17.400000 8.600000 0.031412
v 15.400000 8.800000 0.109843
v 15.600000 8.800000 0.090235
v 15.800000 8.800000 0.080431
v 16.000000 8.800000 0.070627
v 16.200000 8.800000 0.060824
v 16.400000 8.800000 0.060824
v 16.600000 8.800000 0.051020
v 16.800000 8.800000 0.041216
v 17.000000 8.800000 0.041216
v 17.200000 8.800000 0.031412
v 17.400000 8.800000 0.031412
v 15.400000 9.000000 0.090235
v 15.600000 9.000000 0.080431
v 15.800000 9.000000 0.070627
v 16.000000 9.000000 0.060824
v 16.200000 9.000000 0.051020
v 16.400000 9.000000 0.051020
v 16.600000 9.000000 0.041216
v 16.800000 9.000000 0.031412
v 17.000000 9.000000 0.031412
v 17.200000 9.000000 0.031412
v 17.400000 9.000000 0.021608
v 15.400000 9.200000 0.070627
v 15.600000 9.200000 0.070627
v 15.800000 9.200000 0.060824
v 16.000000 9.200000 0.051020
v 16.200000 9.200000 0.051020
v 16.400000 9.200000 0.041216
v 16.600000 9.200000 0.031412
v 16.800000 9.200000 0.031412
v 17.000000 9.200000 0.021608
v 17.200000 9.200000 0.021608
v 17.400000 9.200000 0.021608
v 15.400000 9.400000 0.060824
v 15.600000 9.400000 0.051020
v 15.800000 9.400000 0.051020
v 16.000000 9.400000 0.041216
v 16.200000 9.400000 0.041216
v 16.400000 9.400000 0.031412
v 16.600000 9.400000 0.031412
v 16.800000 9.400000 0.021608
v 17.000000 9.400000 0.021608
v 17.200000 9.400000 0.021608
v 15.600000 9.600000 0.041216
v 15.800000 9.600000 0.041216
v 16.000000 9.600000 0.041216
v 16.200000 9.600000 0.031412
v 16.400000 9.600000 0.031412
v 16.600000 9.600000 0.021608
v 16.800000 9.600000 0.021608
v 17.000000 9.600000 0.021608
v 17.200000 9.600000 0.011804
v 15.600000 9.800000 0.041216
v 15.800000 9.800000 0.031412
v 16.000000 9.800000 0.031412
v 16.200000 9.800000 0.031412
v 16.400000 9.800000 0.021608
v 16.600000 9.800000 0.021608
v 16.800000 9.800000 0.021608
v 17.000000 9.800000 0.021608
v 17.200000 9.800000 0.011804
v 15.800000 10.000000 0.031412
v 16.000000 10.000000 0.021608
v 16.200000 10.000000 0.021608
v 16.400000 10.000000 0.021608
v 16.600000 10.000000 0.021608
v 16.800000 10.000000 0.011804
v 17.000000 10.000000 0.011804
v 17.400000 -12.000000 0.002000
v 17.600000 -12.000000 0.002000
v 17.800000 -12.000000 0.002000
v 18.000000 -12.000000 0.002000
v 18.200000 -12.000000 0.002000
v 18.400000 -12.000000 0.002000
v 18.600000 -12.000000 0.002000
v 17.200000 -11.800000 0.002000
v 17.400000 -11.800000 0.002000
v 17.600000 -11.800000 0.002000
v 17.800000 -11.800000 0.002000
v 18.000000 -11.800000 0.002000
v 18.200000 -11.800000 0.002000
v 18.400000 -11.800000 0.002000
v 18.600000 -11.800000 0.002000
v 18.800000 -11.800000 0.002000
v 16.800000 -11.600000 0.002000
v 17.000000 -11.600000 0.002000
v 17.200000 -11.600000 0.002000
v 17.400000 -11.600000 0.002000
v 17.600000 -11.600000 0.002000
v 17.800000 -11.600000 0.002000
v 18.000000 -11.600000 0.002000
v 18.200000 -11.600000 0.002000
v 18.400000 -11.600000 0.002000
v 18.600000 -11.600000 0.002000
v 18.800000 -11.600000 0.002000
v 19.000000 -11.600000 0.002000
v 19.200000 -11.600000 0.002000
v 16.800000 -11.400000 0.002000
v 17.000000 -11.400000 0.002000
v 17.200000 -11.400000 0.002000
v 17.400000 -11.400000 0.002000
v 17.600000 -11.400000 0.002000
v 17.800000 -11.400000 0.002000
v 18.000000 -11.400000 0.002000
v 18.200000 -11.400000 0.002000
v 18.400000 -11.400000 0.002000
v 18.600000 -11.400000 0.002000
v 18.800000 -11.400000 0.002000
v 19.000000 -11.400000 0.002000
v 19.200000 -11.400000 0.002000
v 19.400000 -11.400000 0.002000
v 16.800000 -11.200000 0.002000
v 17.000000 -11.200000 0.002000
v 17.200000 -11.200000 0.002000
v 17.400000 -11.200000 0.002000
v 17.600000 -11.200000 0.002000
v 17.800000 -11.200000 0.002000
v 18.000000 -11.200000 0.002000
v 18.200000 -11.200000 0.002000
v 18.400000 -11.200000 0.002000
v 18.600000 -11.200000 0.002000
v 18.800000 -11.200000 0.002000
v 19.000000 -11.200000 0.002000
v 19.200000 -11.200000 0.002000
v 19.400000 -11.200000 0.002000
v 16.800000 -11.000000 0.011804
v 17.000000 -11.000000 0.002000
v 17.200000 -11.000000 0.002000
v 17.400000 -11.000000 0.002000
v 17.600000 -11.000000 0.002000
v 17.800000 -11.000000 0.002000
v 18.000000 -11.000000 0.002000
v 18.200000 -11.000000 0.002000
v 18.400000 -11.000000 0.002000
v 18.600000 -11.000000 0.002000
v 18.800000 -11.000000 0.002000
v 19.000000 -11.000000 0.002000
v 19.200000 -11.000000 0.002000
v 19.400000 -11.000000 0.002000
v 16.800000 -10.800000 0.011804
v 17.000000 -10.800000 0.011804
v 17.200000 -10.800000 0.002000
v 17.400000 -10.800000 0.002000
v 17.600000 -10.800000 0.002000
v 17.800000 -10.800000 0.002000
v 18.000000 -10.800000 0.002000
v 18.200000 -10.800000 0.002000
v 18.400000 -10.800000 0.002000
v 18.600000 -10.800000 0.002000
v 18.800000 -10.800000 0.002000
v 19.000000 -10.800000 0.002000
v 19.200000 -10.800000 0.002000
v 19.400000 -10.800000 0.002000
v 16.800000 -10.600000 0.011804
v 17.000000 -10.600000 0.011804
v 17.200000 -10.600000 0.011804
v 17.400000 -10.600000 0.002000
v 17.600000 -10.600000 0.002000
v 17.800000 -10.600000 0.002000
v 18.000000 -10.600000 0.002000
v 18.200000 -10.600000 0.002000
v 18.400000 -10.600000 0.002000
v 18.600000 -10.600000 0.002000
v 18.800000 -10.600000 0.002000
v 19.000000 -10.600000 0.002000
v 19.200000 -10.600000 0.002000
v 17.000000 -10.400000 0.011804
v 17.200000 -10.400000 0.011804
v 17.400000 -10.400000 0.011804
v 17.600000 -10.400000 0.002000
v 17.800000 -10.400000 0.002000
v 18.000000 -10.400000 0.002000
v 18.200000 -10.400000 0.002000
v 18.400000 -10.400000 0.002000
v 18.600000 -10.400000 0.002000
v 18.800000 -10.400000 0.002000
v 19.000000 -10.400000 0.002000
v 17.000000 -10.200000 0.011804
v 17.200000 -10.200000 0.011804
v 17.400000 -10.200000 0.011804
v 17.600000 -10.200000 0.011804
v 17.800000 -10.200000 0.002000
v 18.000000 -10.200000 0.002000
v 18.200000 -10.200000 0.002000
v 18.400000 -10.200000 0.002000
v 18.600000 -10.200000 0.002000
v 18.800000 -10.200000 0.002000
v 19.000000 -10.200000 0.002000
v 17.000000 -10.000000 0.011804
v 17.200000 -10.000000 0.011804
v 17.400000 -10.000000 0.011804
v 17.600000 -10.000000 0.011804
v 17.800000 -10.000000 0.011804
v 18.000000 -10.000000 0.002000
v 18.200000 -10.000000 0.002000
v 18.400000 -10.000000 0.002000
v 18.600000 -10.000000 0.002000
v 18.800000 -10.000000 0.002000
v 19.000000 -10.000000 0.002000
v 12.800000 -7.400000 0.472588
v 13.000000 -7.400000 0.462784
v 13.200000 -7.400000 0.452980
v 12.600000 -7.200000 0.511804
v 12.800000 -7.200000 0.502000
v 13.000000 -7.200000 0.502000
v 13.200000 -7.200000 0.492196
v 13.400000 -7.200000 0.482392
v 12.200000 -7.000000 0.560824
v 12.400000 -7.000000 0.551020
v 12.600000 -7.000000 0.551020
v 12.800000 -7.000000 0.541216
v 13.000000 -7.000000 0.541216
v 13.200000 -7.000000 0.531412
v 13.400000 -7.000000 0.521608
v 13.600000 -7.000000 0.511804
v 13.800000 -7.000000 0.502000
v 12.200000 -6.800000 0.600039
v 12.400000 -6.800000 0.600039
v 12.600000 -6.800000 0.590235
v 12.800000 -6.800000 0.590235
v 13.000000 -6.800000 0.580431
v 13.200000 -6.800000 0.570627
v 13.400000 -6.800000 0.560824
v 13.600000 -6.800000 0.551020
v 13.800000 -6.800000 0.541216
v 12.200000 -6.600000 0.639255
v 12.400000 -6.600000 0.639255
v 12.600000 -6.600000 0.629451
v 12.800000 -6.600000 0.629451
v 13.000000 -6.600000 0.619647
v 13.200000 -6.600000 0.609843
v 13.400000 -6.600000 0.600039
v 13.600000 -6.600000 0.590235
v 13.800000 -6.600000 0.580431
v 12.200000 -6.400000 0.688275
v 12.400000 -6.400000 0.678471
v 12.600000 -6.400000 0.678471
v 12.800000 -6.400000 0.668667
v 13.000000 -6.400000 0.668667
v 13.200000 -6.400000 0.658863
v 13.400000 -6.400000 0.649059
v 13.600000 -6.400000 0.639255
v 13.800000 -6.400000 0.619647
v 12.400000 -6.200000 0.727490
v 12.600000 -6.200000 0.717686
v 12.800000 -6.200000 0.717686
v 13.000000 -6.200000 0.707882
v 13.200000 -6.200000 0.698078
v 13.400000 -6.200000 0.688275
v 13.600000 -6.200000 0.678471
v 12.400000 -6.000000 0.766706
v 12.600000 -6.000000 0.766706
v 12.800000 -6.000000 0.756902
v 13.000000 -6.000000 0.747098
v 13.200000 -6.000000 0.747098
v 13.400000 -6.000000 0.727490
v 13.600000 -6.000000 0.717686
v -21.000000 9.400000 0.002000
v -20.800000 9.400000 0.002000
v -20.600000 9.400000 0.002000
v -20.400000 9.400000 0.002000
v -20.200000 9.400000 0.002000
v -20.000000 9.400000 0.002000
v -21.000000 9.600000 0.002000
v -20.800000 9.600000 0.002000
v -20.600000 9.600000 0.002000
v -20.400000 9.600000 0.002000
v -20.200000 9.600000 0.002000
v -20.000000 9.600000 0.002000
v -19.800000 9.600000 0.002000
v -19.600000 9.600000 0.002000
v -21.400000 9.800000 0.002000
v -21.200000 9.800000 0.002000
v -21.000000 9.800000 0.002000
v -20.800000 9.800000 0.002000
v -20.600000 9.800000 0.002000
v -20.400000 9.800000 0.002000
v -20.200000 9.800000 0.002000
v -20.000000 9.800000 0.002000
v -19.800000 9.800000 0.002000
v -19.600000 9.800000 0.002000
v -19.400000 9.800000 0.002000
v -21.400000 10.000000 0.002000
v -21.200000 10.000000 0.002000
v -21.000000 10.000000 0.002000
v -20.800000 10.000000 0.002000
v -20.600000 10.000000 0.002000
v -20.400000 10.000000 0.002000
v -20.200000 10.000000 0.002000
v -20.000000 10.000000 0.002000
v -19.800000 10.000000 0.002000
v -19.600000 10.000000 0.002000
v -19.400000 10.000000 0.002000
v -21.600000 10.200000 0.002000
v -21.400000 10.200000 0.002000
v -21.200000 10.200000 0.002000
v -21.000000 10.200000 0.002000
v -20.800000 10.200000 0.002000
v -20.600000 10.200000 0.002000
v -20.400000 10.200000 0.002000
v -20.200000 10.200000 0.002000
v -20.000000 10.200000 0.002000
v -19.800000 10.200000 0.002000
v -19.600000 10.200000 0.002000
v -19.400000 10.200000 0.002000
v -21.600000 10.400000 0.002000
v -21.400000 10.400000 0.002000
v -21.200000 10.400000 0.002000
v -21.000000 10.400000 0.002000
v -20.800000 10.400000 0.002000
v -20.600000 10.400000 0.002000
v -20.400000 10.400000 0.002000
v -20.200000 10.400000 0.002000
v -20.000000 10.400000 0.002000
v -19.800000 10.400000 0.002000
v -19.600000 10.400000 0.002000
v -19.400000 10.400000 0.002000
v -21.600000 10.600000 0.002000
v -21.400000 10.600000 0.002000
v -21.200000 10.600000 0.002000
v -21.000000 10.600000 0.002000
v -20.800000 10.600000 0.002000
v -20.600000 10.600000 0.002000
v -20.400000 10.600000 0.002000
v -20.200000 10.600000 0.002000
v -20.000000 10.600000 0.002000
v -19.800000 10.600000 0.002000
v -19.600000 10.600000 0.002000
v -19.400000 10.600000 0.002000
v -21.600000 10.800000 0.002000
v -21.400000 10.800000 0.002000
v -21.200000 10.800000 0.002000
v -21.000000 10.800000 0.002000
v -20.800000 10.800000 0.002000
v -20.600000 10.800000 0.002000
v -20.400000 10.800000 0.002000
v -20.200000 10.800000 0.002000
v -20.000000 10.800000 0.002000
v -19.800000 10.800000 0.002000
v -19.600000 10.800000 0.002000
v -19.400000 10.800000 0.002000
v -21.200000 11.000000 0.002000
v -21.000000 11.000000 0.002000
v -20.800000 11.000000 0.002000
v -20.600000 11.000000 0.002000
v -20.400000 11.000000 0.002000
v -20.200000 11.000000 0.002000
v -20.000000 11.000000 0.002000
v -19.800000 11.000000 0.002000
v -19.600000 11.000000 0.002000
v -21.200000 11.200000 0.002000
v -21.000000 11.200000 0.002000
v -20.800000 11.200000 0.002000
v -20.600000 11.200000 0.002000
v -20.400000 11.200000 0.002000
v -20.200000 11.200000 0.002000
v -20.000000 11.200000 0.002000
v -19.800000 11.200000 0.002000
v -19.600000 11.200000 0.002000
v -21.000000 11.400000 0.002000
v -20.800000 11.400000 0.002000
v -20.600000 11.400000 0.002000
v -20.400000 11.400000 0.002000
v -20.200000 11.400000 0.002000
v -20.600000 11.600000 0.002000
v -20.400000 11.600000 0.002000
v 6.000000 9.600000 0.109843
v 6.200000 9.600000 0.109843
v 6.400000 9.600000 0.119647
v 6.600000 9.600000 0.119647
v 6.800000 9.600000 0.119647
v 7.000000 9.600000 0.119647
v 5.800000 9.800000 0.109843
v 6.000000 9.800000 0.109843
v 6.200000 9.800000 0.109843
v 6.400000 9.800000 0.109843
v 6.600000 9.800000 0.119647
v 6.800000 9.800000 0.119647
v 7.000000 9.800000 0.119647
v 7.200000 9.800000 0.119647
v 5.800000 10.000000 0.109843
v 6.000000 10.000000 0.109843
v 6.200000 10.000000 0.109843
v 6.400000 10.000000 0.109843
v 6.600000 10.000000 0.109843
v 6.800000 10.000000 0.119647
v 7.000000 10.000000 0.119647
v 7.200000 10.000000 0.119647
v 5.800000 10.200000 0.109843
v 6.000000 10.200000 0.109843
v 6.200000 10.200000 0.109843
v 6.400000 10.200000 0.109843
v 6.600000 10.200000 0.109843
v 6.800000 10.200000 0.109843
v 7.000000 10.200000 0.109843
v 7.200000 10.200000 0.119647
v 5.800000 10.400000 0.109843
v 6.000000 10.400000 0.109843
v 6.200000 10.400000 0.109843
v 6.400000 10.400000 0.109843
v 6.600000 10.400000 0.109843
v 6.800000 10.400000 0.109843
v 7.000000 10.400000 0.109843
v 7.200000 10.400000 0.109843
v 5.600000 10.600000 0.109843
v 5.800000 10.600000 0.109843
v 6.000000 10.600000 0.109843
v 6.200000 10.600000 0.109843
v 6.400000 10.600000 0.109843
v 6.600000 10.600000 0.109843
v 6.800000 10.600000 0.109843
v 7.000000 10.600000 0.109843
v 7.200000 10.600000 0.109843
v 5.600000 10.800000 0.109843
v 5.800000 10.800000 0.109843
v 6.000000 10.800000 0.109843
v 6.200000 10.800000 0.109843
v 6.400000 10.800000 0.109843
v 6.600000 10.800000 0.109843
v 6.800000 10.800000 0.109843
v 7.000000 10.800000 0.109843
v 7.200000 10.800000 0.109843
v 7.400000 10.800000 0.109843
v 5.600000 11.000000 0.109843
v 5.800000 11.000000 0.109843
v 6.000000 11.000000 0.109843
v 6.200000 11.000000 0.109843
v 6.400000 11.000000 0.109843
v 6.600000 11.000000 0.109843
v 6.800000 11.000000 0.109843
v 7.000000 11.000000 0.109843
v 7.200000 11.000000 0.109843
v 7.400000 11.000000 0.109843
v 5.600000 11.200000 0.109843
v 5.800000 11.200000 0.109843
v 6.000000 11.200000 0.109843
v 6.200000 11.200000 0.109843
v 6.400000 11.200000 0.109843
v 6.600000 11.200000 0.109843
v 6.800000 11.200000 0.109843
v 7.000000 11.200000 0.109843
v 7.200000 11.200000 0.109843
v 7.400000 11.200000 0.109843
v 5.800000 11.400000 0.109843
v 6.000000 11.400000 0.109843
v 6.200000 11.400000 0.109843
v 6.400000 11.400000 0.109843
v 6.600000 11.400000 0.109843
v 6.800000 11.400000 0.109843
v 7.000000 11.400000 0.109843
v 7.200000 11.400000 0.109843
v 5.800000 11.600000 0.109843
v 6.000000 11.600000 0.109843
v 6.200000 11.600000 0.109843
v 6.400000 11.600000 0.109843
v 6.600000 11.600000 0.109843
v 6.800000 11.600000 0.109843
v 7.000000 11.600000 0.109843
v 7.200000 11.600000 0.109843
v 6.000000 11.800000 0.109843
v 6.200000 11.800000 0.109843
v 6.400000 11.800000 0.109843
v 6.600000 11.800000 0.109843
v 6.800000 11.800000 0.109843
v 7.000000 11.800000 0.109843
v 6.200000 12.000000 0.109843
v 6.400000 12.000000 0.109843
v 6.600000 12.000000 0.109843
v -3.600000 4.600000 0.345137
v -3.400000 4.600000 0.384353
v -3.200000 4.600000 0.423569
v -3.000000 4.600000 0.462784
v -3.600000 4.800000 0.345137
v -3.400000 4.800000 0.384353
v -3.200000 4.800000 0.423569
v -3.000000 4.800000 0.462784
v -2.800000 4.800000 0.502000
v -2.600000 4.800000 0.551020
v -3.800000 5.000000 0.305922
v -3.600000 5.000000 0.345137
v -3.400000 5.000000 0.384353
v -3.200000 5.000000 0.423569
v -3.000000 5.000000 0.462784
v -2.800000 5.000000 0.502000
v -2.600000 5.000000 0.551020
v -2.400000 5.000000 0.590235
v -3.800000 5.200000 0.305922
v -3.600000 5.200000 0.345137
v -3.400000 5.200000 0.384353
v -3.200000 5.200000 0.423569
v -3.000000 5.200000 0.462784
v -2.800000 5.200000 0.502000
v -2.600000 5.200000 0.551020
v -2.400000 5.200000 0.590235
v -3.800000 5.400000 0.305922
v -3.600000 5.400000 0.345137
v -3.400000 5.400000 0.384353
v -3.200000 5.400000 0.423569
v -3.000000 5.400000 0.462784
v -2.800000 5.400000 0.502000
v -2.600000 5.400000 0.551020
v -2.400000 5.400000 0.590235
v -4.000000 5.600000 0.266706
v -3.800000 5.600000 0.305922
v -3.600000 5.600000 0.345137
v -3.400000 5.600000 0.384353
v -3.200000 5.600000 0.423569
v -3.000000 5.600000 0.462784
v -2.800000 5.600000 0.502000
v -2.600000 5.600000 0.551020
v -2.400000 5.600000 0.590235
v -4.000000 5.800000 0.266706
v -3.800000 5.800000 0.305922
v -3.600000 5.800000 0.345137
v -3.400000 5.800000 0.384353
v -3.200000 5.800000 0.423569
v -3.000000 5.800000 0.462784
v -2.800000 5.800000 0.502000
v -2.600000 5.800000 0.551020
v -2.400000 5.800000 0.590235
v -2.200000 5.800000 0.629451
v -4.000000 6.000000 0.266706
v -3.800000 6.000000 0.305922
v -3.600000 6.000000 0.345137
v -3.400000 6.000000 0.384353
v -3.200000 6.000000 0.423569
v -3.000000 6.000000 0.462784
v -2.800000 6.000000 0.502000
v -2.600000 6.000000 0.551020
v -2.400000 6.000000 0.590235
v -2.200000 6.000000 0.629451
v -4.000000 6.200000 0.266706
v -3.800000 6.200000 0.305922
v -3.600000 6.200000 0.345137
v -3.400000 6.200000 0.384353
v -3.200000 6.200000 0.423569
v -3.000000 6.200000 0.462784
v -2.800000 6.200000 0.502000
v -2.600000 6.200000 0.551020
v -2.400000 6.200000 0.590235
v -2.200000 6.200000 0.629451
v -3.800000 6.400000 0.305922
v -3.600000 6.400000 0.345137
v -3.400000 6.400000 0.384353
v -3.200000 6.400000 0.423569
v -3.000000 6.400000 0.462784
v -2.800000 6.400000 0.502000
v -2.600000 6.400000 0.551020
v -2.400000 6.400000 0.590235
v -3.600000 6.600000 0.345137
v -3.400000 6.600000 0.384353
v -3.200000 6.600000 0.423569
v -3.000000 6.600000 0.462784
v -2.800000 6.600000 0.502000
v -2.600000 6.600000 0.551020
v -2.400000 6.600000 0.590235
v -3.600000 6.800000 0.345137
v -3.400000 6.800000 0.384353
v -3.200000 6.800000 0.423569
v -3.000000 6.800000 0.462784
v -2.800000 6.800000 0.502000
v -3.400000 7.000000 0.384353
v -3.200000 7.000000 0.423569
v -3.000000 7.000000 0.462784
v 2.000000 6.000000 1.629451
v 2.200000 6.000000 1.678471
v 2.400000 6.000000 1.717686
v 2.600000 6.000000 1.747098
v 2.800000 6.000000 1.776510
v 3.000000 6.000000 1.796118
v 3.200000 6.000000 1.796118
v 1.800000 6.200000 1.590235
v 2.000000 6.200000 1.629451
v 2.200000 6.200000 1.678471
v 2.400000 6.200000 1.717686
v 2.600000 6.200000 1.747098
v 2.800000 6.200000 1.776510
v 3.000000 6.200000 1.796118
v 3.200000 6.200000 1.796118
v 3.400000 6.200000 1.786314
v 1.600000 6.400000 1.541216
v 1.800000 6.400000 1.590235
v 2.000000 6.400000 1.629451
v 2.200000 6.400000 1.678471
v 2.400000 6.400000 1.717686
v 2.600000 6.400000 1.747098
v 2.800000 6.400000 1.776510
v 3.000000 6.400000 1.796118
v 3.200000 6.400000 1.796118
v 3.400000 6.400000 1.786314
v 1.600000 6.600000 1.541216
v 1.800000 6.600000 1.590235
v 2.000000 6.600000 1.629451
v 2.200000 6.600000 1.678471
v 2.400000 6.600000 1.717686
v 2.600000 6.600000 1.747098
v 2.800000 6.600000 1.776510
v 3.000000 6.600000 1.796118
v 3.200000 6.600000 1.796118
v 3.400000 6.600000 1.786314
v 1.600000 6.800000 1.541216
v 1.800000 6.800000 1.590235
v 2.000000 6.800000 1.629451
v 2.200000 6.800000 1.678471
v 2.400000 6.800000 1.717686
v 2.600000 6.800000 1.747098
v 2.800000 6.800000 1.776510
v 3.000000 6.800000 1.796118
v 3.200000 6.800000 1.796118
v 3.400000 6.800000 1.786314
v 3.600000 6.800000 1.747098
v 1.400000 7.000000 1.492196
v 1.600000 7.000000 1.541216
v 1.800000 7.000000 1.590235
v 2.000000 7.000000 1.629451
v 2.200000 7.000000 1.678471
v 2.400000 7.000000 1.717686
v 2.600000 7.000000 1.747098
v 2.800000 7.000000 1.776510
v 3.000000 7.000000 1.796118
v 3.200000 7.000000 1.796118
v 3.400000 7.000000 1.786314
v 3.600000 7.000000 1.747098
v 1.400000 7.200000 1.492196
v 1.600000 7.200000 1.541216
v 1.800000 7.200000 1.590235
v 2.000000 7.200000 1.629451
v 2.200000 7.200000 1.678471
v 2.400000 7.200000 1.717686
v 2.600000 7.200000 1.747098
v 2.800000 7.200000 1.776510
v 3.000000 7.200000 1.796118
v 3.200000 7.200000 1.796118
v 3.400000 7.200000 1.786314
v 3.600000 7.200000 1.747098
v 1.400000 7.400000 1.492196
v 1.600000 7.400000 1.541216
v 1.800000 7.400000 1.590235
v 2.000000 7.400000 1.629451
v 2.200000 7.400000 1.678471
v 2.400000 7.400000 1.717686
v 2.600000 7.400000 1.747098
v 2.800000 7.400000 1.776510
v 3.000000 7.400000 1.796118
v 3.200000 7.400000 1.796118
v 3.400000 7.400000 1.786314
v 3.600000 7.400000 1.747098
v 1.600000 7.600000 1.541216
v 1.800000 7.600000 1.590235
v 2.000000 7.600000 1.629451
v 2.200000 7.600000 1.678471
v 2.400000 7.600000 1.717686
v 2.600000 7.600000 1.747098
v 2.800000 7.600000 1.776510
v 3.000000 7.600000 1.796118
v 3.200000 7.600000 1.796118
v 3.400000 7.600000 1.786314
v 2.000000 7.800000 1.629451
v 2.200000 7.800000 1.678471
v 2.400000 7.800000 1.717686
v 2.600000 7.800000 1.747098
v 2.800000 7.800000 1.776510
v 3.000000 7.800000 1.796118
v 2.400000 8.000000 1.717686
v 2.600000 8.000000 1.747098
v 2.800000 8.000000 1.776510
v 21.600000 -9.600000 0.002000
v 21.800000 -9.600000 0.002000
v 22.000000 -9.600000 0.002000
v 22.200000 -9.600000 0.002000
v 22.400000 -9.600000 0.002000
v 21.400000 -9.400000 0.002000
v 21.600000 -9.400000 0.002000
v 21.800000 -9.400000 0.002000
v 22.000000 -9.400000 0.002000
v 22.200000 -9.400000 0.002000
v 22.400000 -9.400000 0.002000
v 22.600000 -9.400000 0.002000
v 22.800000 -9.400000 0.002000
v 21.400000 -9.200000 0.002000
v 21.600000 -9.200000 0.002000
v 21.800000 -9.200000 0.002000
v 22.000000 -9.200000 0.002000
v 22.200000 -9.200000 0.002000
v 22.400000 -9.200000 0.002000
v 22.600000 -9.200000 0.002000
v 22.800000 -9.200000 0.002000
v 21.400000 -9.000000 0.002000
v 21.600000 -9.000000 0.002000
v 21.800000 -9.000000 0.002000
v 22.000000 -9.000000 0.002000
v 22.200000 -9.000000 0.002000
v 22.400000 -9.000000 0.002000
v 22.600000 -9.000000 0.002000
v 22.800000 -9.000000 0.002000
v 21.200000 -8.800000 0.002000
v 21.400000 -8.800000 0.002000
v 21.600000 -8.800000 0.002000
v 21.800000 -8.800000 0.002000
v 22.000000 -8.800000 0.002000
v 22.200000 -8.800000 0.002000
v 22.400000 -8.800000 0.002000
v 22.600000 -8.800000 0.002000
v 22.800000 -8.800000 0.002000
v 23.000000 -8.800000 0.002000
v 21.200000 -8.600000 0.002000
v 21.400000 -8.600000 0.002000
v 21.600000 -8.600000 0.002000
v 21.800000 -8.600000 0.002000
v 22.000000 -8.600000 0.002000
v 22.200000 -8.600000 0.002000
v 22.400000 -8.600000 0.002000
v 22.600000 -8.600000 0.002000
v 22.800000 -8.600000 0.002000
v 23.000000 -8.600000 0.002000
v 21.200000 -8.400000 0.002000
v 21.400000 -8.400000 0.002000
v 21.600000 -8.400000 0.002000
v 21.800000 -8.400000 0.002000
v 22.000000 -8.400000 0.002000
v 22.200000 -8.400000 0.002000
v 22.400000 -8.400000 0.002000
v 22.600000 -8.400000 0.002000
v 22.800000 -8.400000 0.002000
v 23.000000 -8.400000 0.002000
v 21.400000 -8.200000 0.002000
v 21.600000 -8.200000 0.002000
v 21.800000 -8.200000 0.002000
v 22.000000 -8.200000 0.002000
v 22.200000 -8.200000 0.002000
v 22.400000 -8.200000 0.002000
v 22.600000 -8.200000 0.002000
v 22.800000 -8.200000 0.002000
v 21.600000 -8.000000 0.002000
v 21.800000 -8.000000 0.002000
v 22.000000 -8.000000 0.002000
v 22.200000 -8.000000 0.002000
v 22.400000 -8.000000 0.002000
v 22.000000 -7.800000 0.002000
v 22.200000 -7.800000 0.002000
vt -0.177738 -0.490964
vt -0.077738 -0.490964
vt 0.022262 -0.490964
vt 0.122262 -0.490964
vt 0.222262 -0.490964
vt -0.377738 -0.390964
vt -0.277738 -0.390964
vt -0.177738 -0.390964
vt -0.077738 -0.390964
vt 0.022262 -0.390964
vt 0.122262 -0.390964
vt 0.222262 -0.390964
vt 0.322262 -0.390964
vt -0.477738 -0.290964
vt -0.377738 -0.290964
vt -0.277738 -0.290964
vt -0.177738 -0.290964
vt -0.077738 -0.290964
vt 0.022262 -0.290964
vt 0.122262 -0.290964
vt 0.222262 -0.290964
vt 0.322262 -0.290964
vt 0.422262 -0.290964
vt -0.477738 -0.190964
vt -0.377738 -0.190964
vt -0.277738 -0.190964
vt -0.177738 -0.190964
vt -0.077738 -0.190964
vt 0.022262 -0.190964
vt 0.122262 -0.190964
vt 0.222262 -0.190964
vt 0.322262 -0.190964
vt 0.422262 -0.190964
vt 0.522262 -0.190964
vt -0.477738 -0.090964
vt -0.377738 -0.090964
vt -0.277738 -0.090964
vt -0.177738 -0.090964
vt -0.077738 -0.090964
vt 0.022262 -0.090964
vt 0.122262 -0.090964
vt 0.222262 -0.090964
vt 0.322262 -0.090964
vt 0.422262 -0.090964
vt 0.522262 -0.090964
vt -0.477738 0.009036
vt -0.377738 0.009036
vt -0.277738 0.009036
vt -0.177738 0.009036
vt -0.077738 0.009036
vt 0.022262 0.009036
vt 0.122262 0.009036
vt 0.222262 0.009036
vt 0.322262 0.009036
vt 0.422262 0.009036
vt 0.522262 0.009036
vt -0.477738 0.109036
vt -0.377738 0.109036
vt -0.277738 0.109036
vt -0.177738 0.109036
vt -0.077738 0.109036
vt 0.022262 0.109036
vt 0.122262 0.109036
vt 0.222262 0.109036
vt 0.322262 0.109036
vt 0.422262 0.109036
vt 0.522262 0.109036
vt -0.477738 0.209036
vt -0.377738 0.209036
vt -0.277738 0.209036
vt -0.177738 0.209036
vt -0.077738 0.209036
vt 0.022262 0.209036
vt 0.122262 0.209036
vt 0.222262 0.209036
vt 0.322262 0.209036
vt 0.422262 0.209036
vt -0.377738 0.309036
vt -0.277738 0.309036
vt -0.177738 0.309036
vt -0.077738 0.309036
vt 0.022262 0.309036
vt 0.122262 0.309036
vt 0.222262 0.309036
vt 0.322262 0.309036
vt 0.422262 0.309036
vt -0.377738 0.409036
vt -0.277738 0.409036
vt -0.177738 0.409036
vt -0.077738 0.409036
vt 0.022262 0.409036
vt 0.122262 0.409036
vt 0.222262 0.409036
vt 0.322262 0.409036
vt 0.422262 0.409036
vt -0.077738 0.509036
vt 0.022262 0.509036
vt 0.122262 0.509036
vt 0.222262 0.509036
vt 0.322262 0.509036
vt -0.171593 -0.556361
vt -0.071593 -0.556361
vt 0.028407 -0.556361
vt 0.128407 -0.556361
vt 0.228407 -0.556361
vt -0.371593 -0.456361
vt -0.271593 -0.456361
vt -0.171593 -0.456361
vt -0.071593 -0.456361
vt 0.028407 -0.456361
vt 0.128407 -0.456361
vt 0.228407 -0.456361
vt 0.328407 -0.456361
vt -0.471593 -0.356361
vt -0.371593 -0.356361
vt -0.271593 -0.356361
vt -0.171593 -0.356361
vt -0.071593 -0.356361
vt 0.028407 -0.356361
vt 0.128407 -0.356361
vt 0.228407 -0.356361
vt 0.328407 -0.356361
vt 0.428407 -0.356361
vt -0.471593 -0.256361
vt -0.371593 -0.256361
vt -0.271593 -0.256361
vt -0.171593 -0.256361
vt -0.071593 -0.256361
vt 0.028407 -0.256361
vt 0.128407 -0.256361
vt 0.228407 -0.256361
vt 0.328407 -0.256361
vt 0.428407 -0.256361
vt 0.528407 -0.256361
vt -0.471593 -0.156361
vt -0.371593 -0.156361
vt -0.271593 -0.156361
vt -0.171593 -0.156361
vt -0.071593 -0.156361
vt 0.028407 -0.156361
vt 0.128407 -0.156361
vt 0.228407 -0.156361
vt 0.328407 -0.156361
vt 0.428407 -0.156361
vt 0.528407 -0.156361
vt -0.471593 -0.056361
vt -0.371593 -0.056361
vt -0.271593 -0.056361
vt -0.171593 -0.056361
vt -0.071593 -0.056361
vt 0.028407 -0.056361
vt 0.128407 -0.056361
vt 0.228407 -0.056361
vt 0.328407 -0.056361
vt 0.428407 -0.056361
vt 0.528407 -0.056361
vt -0.471593 0.043639
vt -0.371593 0.043639
vt -0.271593 0.043639
vt -0.171593 0.043639
vt -0.071593 0.043639
vt 0.028407 0.043639
vt 0.128407 0.043639
vt 0.228407 0.043639
vt 0.328407 0.043639
vt 0.428407 0.043639
vt 0.528407 0.043639
vt -0.471593 0.143639
vt -0.371593 0.143639
vt -0.271593 0.143639
vt -0.171593 0.143639
vt -0.071593 0.143639
vt 0.028407 0.143639
vt 0.128407 0.143639
vt 0.228407 0.143639
vt 0.328407 0.143639
vt 0.428407 0.143639
vt 0.528407 0.143639
vt -0.471593 0.243639
vt -0.371593 0.243639
vt -0.271593 0.243639
vt -0.171593 0.243639
vt -0.071593 0.243639
vt 0.028407 0.243639
vt 0.128407 0.243639
vt 0.228407 0.243639
vt 0.328407 0.243639
vt 0.428407 0.243639
vt 0.528407 0.243639
vt -0.471593 0.343639
vt -0.371593 0.343639
vt -0.271593 0.343639
vt -0.171593 0.343639
vt -0.071593 0.343639
vt 0.028407 0.343639
vt 0.128407 0.343639
vt 0.228407 0.343639
vt 0.328407 0.343639
vt 0.428407 0.343639
vt -0.471593 0.443639
vt -0.371593 0.443639
vt -0.271593 0.443639
vt -0.171593 0.443639
vt -0.071593 0.443639
vt 0.028407 0.443639
vt 0.128407 0.443639
vt 0.228407 0.443639
vt 0.328407 0.443639
vt 0.428407 0.443639
vt -0.171593 0.543639
vt -0.071593 0.543639
vt 0.028407 0.543639
vt 0.128407 0.543639
vt 0.228407 0.543639
vt 0.328407 0.543639
vt -0.179891 -0.621016
vt -0.079891 -0.621016
vt 0.020109 -0.621016
vt 0.120109 -0.621016
vt 0.220109 -0.621016
vt -0.279891 -0.521016
vt -0.179891 -0.521016
vt -0.079891 -0.521016
vt 0.020109 -0.521016
vt 0.120109 -0.521016
vt 0.220109 -0.521016
vt -0.479891 -0.421016
vt -0.379891 -0.421016
vt -0.279891 -0.421016
vt -0.179891 -0.421016
vt -0.079891 -0.421016
vt 0.020109 -0.421016
vt 0.120109 -0.421016
vt 0.220109 -0.421016
vt 0.320109 -0.421016
vt -0.479891 -0.321016
vt -0.379891 -0.321016
vt -0.279891 -0.321016
vt -0.179891 -0.321016
vt -0.079891 -0.321016
vt 0.020109 -0.321016
vt 0.120109 -0.321016
vt 0.220109 -0.321016
vt 0.320109 -0.321016
vt 0.420109 -0.321016
vt 0.520109 -0.321016
vt -0.479891 -0.221016
vt -0.379891 -0.221016
vt -0.279891 -0.221016
vt -0.179891 -0.221016
vt -0.079891 -0.221016
vt 0.020109 -0.221016
vt 0.120109 -0.221016
vt 0.220109 -0.221016
vt 0.320109 -0.221016
vt 0.420109 -0.221016
vt 0.520109 -0.221016
vt -0.479891 -0.121016
vt -0.379891 -0.121016
vt -0.279891 -0.121016
vt -0.179891 -0.121016
vt -0.079891 -0.121016
vt 0.020109 -0.121016
vt 0.120109 -0.121016
vt 0.220109 -0.121016
vt 0.320109 -0.121016
vt 0.420109 -0.121016
vt 0.520109 -0.121016
vt -0.479891 -0.021016
vt -0.379891 -0.021016
vt -0.279891 -0.021016
vt -0.179891 -0.021016
vt -0.079891 -0.021016
vt 0.020109 -0.021016
vt 0.120109 -0.021016
vt 0.220109 -0.021016
vt 0.320109 -0.021016
vt 0.420109 -0.021016
vt 0.520109 -0.021016
vt -0.479891 0.078984
vt -0.379891 0.078984
vt -0.279891 0.078984
vt -0.179891 0.078984
vt -0.079891 0.078984
vt 0.020109 0.078984
vt 0.120109 0.078984
vt 0.220109 0.078984
vt 0.320109 0.078984
vt 0.420109 0.078984
vt 0.520109 0.078984
vt -0.479891 0.178984
vt -0.379891 0.178984
vt -0.279891 0.178984
vt -0.179891 0.178984
vt -0.079891 0.178984
vt 0.020109 0.178984
vt 0.120109 0.178984
vt 0.220109 0.178984
vt 0.320109 0.178984
vt 0.420109 0.178984
vt 0.520109 0.178984
vt -0.479891 0.278984
vt -0.379891 0.278984
vt -0.279891 0.278984
vt -0.179891 0.278984
vt -0.079891 0.278984
vt 0.020109 0.278984
vt 0.120109 0.278984
vt 0.220109 0.278984
vt 0.320109 0.278984
vt 0.420109 0.278984
vt -0.379891 0.378984
vt -0.279891 0.378984
vt -0.179891 0.378984
vt -0.079891 0.378984
vt 0.020109 0.378984
vt 0.120109 0.378984
vt 0.220109 0.378984
vt 0.320109 0.378984
vt 0.420109 0.378984
vt -0.379891 0.478984
vt -0.279891 0.478984
vt -0.179891 0.478984
vt -0.079891 0.478984
vt 0.020109 0.478984
vt 0.120109 0.478984
vt 0.220109 0.478984
vt 0.320109 0.478984
vt 0.420109 0.478984
vt -0.279891 0.578984
vt -0.179891 0.578984
vt -0.079891 0.578984
vt 0.020109 0.578984
vt 0.120109 0.578984
vt 0.220109 0.578984
vt 0.320109 0.578984
vt -0.315540 -0.517341
vt -0.215540 -0.517341
vt -0.115540 -0.517341
vt -0.015540 -0.517341
vt 0.084460 -0.517341
vt 0.184460 -0.517341
vt 0.284460 -0.517341
vt -0.415540 -0.417341
vt -0.315540 -0.417341
vt -0.215540 -0.417341
vt -0.115540 -0.417341
vt -0.015540 -0.417341
vt 0.084460 -0.417341
vt 0.184460 -0.417341
vt 0.284460 -0.417341
vt 0.384460 -0.417341
vt -0.615540 -0.317341
vt -0.515540 -0.317341
vt -0.415540 -0.317341
vt -0.315540 -0.317341
vt -0.215540 -0.317341
vt -0.115540 -0.317341
vt -0.015540 -0.317341
vt 0.084460 -0.317341
vt 0.184460 -0.317341
vt 0.284460 -0.317341
vt 0.384460 -0.317341
vt 0.484460 -0.317341
vt 0.584460 -0.317341
vt -0.615540 -0.217341
vt -0.515540 -0.217341
vt -0.415540 -0.217341
vt -0.315540 -0.217341
vt -0.215540 -0.217341
vt -0.115540 -0.217341
vt -0.015540 -0.217341
vt 0.084460 -0.217341
vt 0.184460 -0.217341
vt 0.284460 -0.217341
vt 0.384460 -0.217341
vt 0.484460 -0.217341
vt 0.584460 -0.217341
vt 0.684460 -0.217341
vt -0.615540 -0.117341
vt -0.515540 -0.117341
vt -0.415540 -0.117341
vt -0.315540 -0.117341
vt -0.215540 -0.117341
vt -0.115540 -0.117341
vt -0.015540 -0.117341
vt 0.084460 -0.117341
vt 0.184460 -0.117341
vt 0.284460 -0.117341
vt 0.384460 -0.117341
vt 0.484460 -0.117341
vt 0.584460 -0.117341
vt 0.684460 -0.117341
vt -0.615540 -0.017341
vt -0.515540 -0.017341
vt -0.415540 -0.017341
vt -0.315540 -0.017341
vt -0.215540 -0.017341
vt -0.115540 -0.017341
vt -0.015540 -0.017341
vt 0.084460 -0.017341
vt 0.184460 -0.017341
vt 0.284460 -0.017341
vt 0.384460 -0.017341
vt 0.484460 -0.017341
vt 0.584460 -0.017341
vt 0.684460 -0.017341
vt -0.615540 0.082659
vt -0.515540 0.082659
vt -0.415540 0.082659
vt -0.315540 0.082659
vt -0.215540 0.082659
vt -0.115540 0.082659
vt -0.015540 0.082659
vt 0.084460 0.082659
vt 0.184460 0.082659
vt 0.284460 0.082659
vt 0.384460 0.082659
vt 0.484460 0.082659
vt 0.584460 0.082659
vt 0.684460 0.082659
vt -0.615540 0.182659
vt -0.515540 0.182659
vt -0.415540 0.182659
vt -0.315540 0.182659
vt -0.215540 0.182659
vt -0.115540 0.182659
vt -0.015540 0.182659
vt 0.084460 0.182659
vt 0.184460 0.182659
vt 0.284460 0.182659
vt 0.384460 0.182659
vt 0.484460 0.182659
vt 0.584460 0.182659
vt -0.515540 0.282659
vt -0.415540 0.282659
vt -0.315540 0.282659
vt -0.215540 0.282659
vt -0.115540 0.282659
vt -0.015540 0.282659
vt 0.084460 0.282659
vt 0.184460 0.282659
vt 0.284460 0.282659
vt 0.384460 0.282659
vt 0.484460 0.282659
vt -0.515540 0.382659
vt -0.415540 0.382659
vt -0.315540 0.382659
vt -0.215540 0.382659
vt -0.115540 0.382659
vt -0.015540 0.382659
vt 0.084460 0.382659
vt 0.184460 0.382659
vt 0.284460 0.382659
vt 0.384460 0.382659
vt 0.484460 0.382659
vt -0.515540 0.482659
vt -0.415540 0.482659
vt -0.315540 0.482659
vt -0.215540 0.482659
vt -0.115540 0.482659
vt -0.015540 0.482659
vt 0.084460 0.482659
vt 0.184460 0.482659
vt 0.284460 0.482659
vt 0.384460 0.482659
vt 0.484460 0.482659
vt -0.120429 -0.395318
vt -0.020429 -0.395318
vt 0.079571 -0.395318
vt -0.220429 -0.295318
vt -0.120429 -0.295318
vt -0.020429 -0.295318
vt 0.079571 -0.295318
vt 0.179571 -0.295318
vt -0.420429 -0.195318
vt -0.320429 -0.195318
vt -0.220429 -0.195318
vt -0.120429 -0.195318
vt -0.020429 -0.195318
vt 0.079571 -0.195318
vt 0.179571 -0.195318
vt 0.279571 -0.195318
vt 0.379571 -0.195318
vt -0.420429 -0.095318
vt -0.320429 -0.095318
vt -0.220429 -0.095318
vt -0.120429 -0.095318
vt -0.020429 -0.095318
vt 0.079571 -0.095318
vt 0.179571 -0.095318
vt 0.279571 -0.095318
vt 0.379571 -0.095318
vt -0.420429 0.004682
vt -0.320429 0.004682
vt -0.220429 0.004682
vt -0.120429 0.004682
vt -0.020429 0.004682
vt 0.079571 0.004682
vt 0.179571 0.004682
vt 0.279571 0.004682
vt 0.379571 0.004682
vt -0.420429 0.104682
vt -0.320429 0.104682
vt -0.220429 0.104682
vt -0.120429 0.104682
vt -0.020429 0.104682
vt 0.079571 0.104682
vt 0.179571 0.104682
vt 0.279571 0.104682
vt 0.379571 0.104682
vt -0.320429 0.204682
vt -0.220429 0.204682
vt -0.120429 0.204682
vt -0.020429 0.204682
vt 0.079571 0.204682
vt 0.179571 0.204682
vt 0.279571 0.204682
vt -0.320429 0.304682
vt -0.220429 0.304682
vt -0.120429 0.304682
vt -0.020429 0.304682
vt 0.079571 0.304682
vt 0.179571 0.304682
vt 0.279571 0.304682
vt -0.275057 -0.512370
vt -0.175057 -0.512370
vt -0.075057 -0.512370
vt 0.024943 -0.512370
vt 0.124943 -0.512370
vt 0.224943 -0.512370
vt -0.275057 -0.412370
vt -0.175057 -0.412370
vt -0.075057 -0.412370
vt 0.024943 -0.412370
vt 0.124943 -0.412370
vt 0.224943 -0.412370
vt 0.324943 -0.412370
vt 0.424943 -0.412370
vt -0.475057 -0.312370
vt -0.375057 -0.312370
vt -0.275057 -0.312370
vt -0.175057 -0.312370
vt -0.075057 -0.312370
vt 0.024943 -0.312370
vt 0.124943 -0.312370
vt 0.224943 -0.312370
vt 0.324943 -0.312370
vt 0.424943 -0.312370
vt 0.524943 -0.312370
vt -0.475057 -0.212370
vt -0.375057 -0.212370
vt -0.275057 -0.212370
vt -0.175057 -0.212370
vt -0.075057 -0.212370
vt 0.024943 -0.212370
vt 0.124943 -0.212370
vt 0.224943 -0.212370
vt 0.324943 -0.212370
vt 0.424943 -0.212370
vt 0.524943 -0.212370
vt -0.575057 -0.112370
vt -0.475057 -0.112370
vt -0.375057 -0.112370
vt -0.275057 -0.112370
vt -0.175057 -0.112370
vt -0.075057 -0.112370
vt 0.024943 -0.112370
vt 0.124943 -0.112370
vt 0.224943 -0.112370
vt 0.324943 -0.112370
vt 0.424943 -0.112370
vt 0.524943 -0.112370
vt -0.575057 -0.012370
vt -0.475057 -0.012370
vt -0.375057 -0.012370
vt -0.275057 -0.012370
vt -0.175057 -0.012370
vt -0.075057 -0.012370
vt 0.024943 -0.012370
vt 0.124943 -0.012370
vt 0.224943 -0.012370
vt 0.324943 -0.012370
vt 0.424943 -0.012370
vt 0.524943 -0.012370
vt -0.575057 0.087630
vt -0.475057 0.087630
vt -0.375057 0.087630
vt -0.275057 0.087630
vt -0.175057 0.087630
vt -0.075057 0.087630
vt 0.024943 0.087630
vt 0.124943 0.087630
vt 0.224943 0.087630
vt 0.324943 0.087630
vt 0.424943 0.087630
vt 0.524943 0.087630
vt -0.575057 0.187630
vt -0.475057 0.187630
vt -0.375057 0.187630
vt -0.275057 0.187630
vt -0.175057 0.187630
vt -0.075057 0.187630
vt 0.024943 0.187630
vt 0.124943 0.187630
vt 0.224943 0.187630
vt 0.324943 0.187630
vt 0.424943 0.187630
vt 0.524943 0.187630
vt -0.375057 0.287630
vt -0.275057 0.287630
vt -0.175057 0.287630
vt -0.075057 0.287630
vt 0.024943 0.287630
vt 0.124943 0.287630
vt 0.224943 0.287630
vt 0.324943 0.287630
vt 0.424943 0.287630
vt -0.375057 0.387630
vt -0.275057 0.387630
vt -0.175057 0.387630
vt -0.075057 0.387630
vt 0.024943 0.387630
vt 0.124943 0.387630
vt 0.224943 0.387630
vt 0.324943 0.387630
vt 0.424943 0.387630
vt -0.275057 0.487630
vt -0.175057 0.487630
vt -0.075057 0.487630
vt 0.024943 0.487630
vt 0.124943 0.487630
vt -0.075057 0.587630
vt 0.024943 0.587630
vt -0.236810 -0.568849
vt -0.136810 -0.568849
vt -0.036810 -0.568849
vt 0.063190 -0.568849
vt 0.163190 -0.568849
vt 0.263190 -0.568849
vt -0.336810 -0.468849
vt -0.236810 -0.468849
vt -0.136810 -0.468849
vt -0.036810 -0.468849
vt 0.063190 -0.468849
vt 0.163190 -0.468849
vt 0.263190 -0.468849
vt 0.363190 -0.468849
vt -0.336810 -0.368849
vt -0.236810 -0.368849
vt -0.136810 -0.368849
vt -0.036810 -0.368849
vt 0.063190 -0.368849
vt 0.163190 -0.368849
vt 0.263190 -0.368849
vt 0.363190 -0.368849
vt -0.336810 -0.268849
vt -0.236810 -0.268849
vt -0.136810 -0.268849
vt -0.036810 -0.268849
vt 0.063190 -0.268849
vt 0.163190 -0.268849
vt 0.263190 -0.268849
vt 0.363190 -0.268849
vt -0.336810 -0.168849
vt -0.236810 -0.168849
vt -0.136810 -0.168849
vt -0.036810 -0.168849
vt 0.063190 -0.168849
vt 0.163190 -0.168849
vt 0.263190 -0.168849
vt 0.363190 -0.168849
vt -0.436810 -0.068849
vt -0.336810 -0.068849
vt -0.236810 -0.068849
vt -0.136810 -0.068849
vt -0.036810 -0.068849
vt 0.063190 -0.068849
vt 0.163190 -0.068849
vt 0.263190 -0.068849
vt 0.363190 -0.068849
vt -0.436810 0.031151
vt -0.336810 0.031151
vt -0.236810 0.031151
vt -0.136810 0.031151
vt -0.036810 0.031151
vt 0.063190 0.031151
vt 0.163190 0.031151
vt 0.263190 0.031151
vt 0.363190 0.031151
vt 0.463190 0.031151
vt -0.436810 0.131151
vt -0.336810 0.131151
vt -0.236810 0.131151
vt -0.136810 0.131151
vt -0.036810 0.131151
vt 0.063190 0.131151
vt 0.163190 0.131151
vt 0.263190 0.131151
vt 0.363190 0.131151
vt 0.463190 0.131151
vt -0.436810 0.231151
vt -0.336810 0.231151
vt -0.236810 0.231151
vt -0.136810 0.231151
vt -0.036810 0.231151
vt 0.063190 0.231151
vt 0.163190 0.231151
vt 0.263190 0.231151
vt 0.363190 0.231151
vt 0.463190 0.231151
vt -0.336810 0.331151
vt -0.236810 0.331151
vt -0.136810 0.331151
vt -0.036810 0.331151
vt 0.063190 0.331151
vt 0.163190 0.331151
vt 0.263190 0.331151
vt 0.363190 0.331151
vt -0.336810 0.431151
vt -0.236810 0.431151
vt -0.136810 0.431151
vt -0.036810 0.431151
vt 0.063190 0.431151
vt 0.163190 0.431151
vt 0.263190 0.431151
vt 0.363190 0.431151
vt -0.236810 0.531151
vt -0.136810 0.531151
vt -0.036810 0.531151
vt 0.063190 0.531151
vt 0.163190 0.531151
vt 0.263190 0.531151
vt -0.136810 0.631151
vt -0.036810 0.631151
vt 0.063190 0.631151
vt -0.251004 -0.582769
vt -0.151004 -0.582769
vt -0.051004 -0.582769
vt 0.048996 -0.582769
vt -0.251004 -0.482769
vt -0.151004 -0.482769
vt -0.051004 -0.482769
vt 0.048996 -0.482769
vt 0.148996 -0.482769
vt 0.248996 -0.482769
vt -0.351004 -0.382769
vt -0.251004 -0.382769
vt -0.151004 -0.382769
vt -0.051004 -0.382769
vt 0.048996 -0.382769
vt 0.148996 -0.382769
vt 0.248996 -0.382769
vt 0.348996 -0.382769
vt -0.351004 -0.282769
vt -0.251004 -0.282769
vt -0.151004 -0.282769
vt -0.051004 -0.282769
vt 0.048996 -0.282769
vt 0.148996 -0.282769
vt 0.248996 -0.282769
vt 0.348996 -0.282769
vt -0.351004 -0.182769
vt -0.251004 -0.182769
vt -0.151004 -0.182769
vt -0.051004 -0.182769
vt 0.048996 -0.182769
vt 0.148996 -0.182769
vt 0.248996 -0.182769
vt 0.348996 -0.182769
vt -0.451004 -0.082769
vt -0.351004 -0.082769
vt -0.251004 -0.082769
vt -0.151004 -0.082769
vt -0.051004 -0.082769
vt 0.048996 -0.082769
vt 0.148996 -0.082769
vt 0.248996 -0.082769
vt 0.348996 -0.082769
vt -0.451004 0.017231
vt -0.351004 0.017231
vt -0.251004 0.017231
vt -0.151004 0.017231
vt -0.051004 0.017231
vt 0.048996 0.017231
vt 0.148996 0.017231
vt 0.248996 0.017231
vt 0.348996 0.017231
vt 0.448996 0.017231
vt -0.451004 0.117231
vt -0.351004 0.117231
vt -0.251004 0.117231
vt -0.151004 0.117231
vt -0.051004 0.117231
vt 0.048996 0.117231
vt 0.148996 0.117231
vt 0.248996 0.117231
vt 0.348996 0.117231
vt 0.448996 0.117231
vt -0.451004 0.217231
vt -0.351004 0.217231
vt -0.251004 0.217231
vt -0.151004 0.217231
vt -0.051004 0.217231
vt 0.048996 0.217231
vt 0.148996 0.217231
vt 0.248996 0.217231
vt 0.348996 0.217231
vt 0.448996 0.217231
vt -0.351004 0.317231
vt -0.251004 0.317231
vt -0.151004 0.317231
vt -0.051004 0.317231
vt 0.048996 0.317231
vt 0.148996 0.317231
vt 0.248996 0.317231
vt 0.348996 0.317231
vt -0.251004 0.417231
vt -0.151004 0.417231
vt -0.051004 0.417231
vt 0.048996 0.417231
vt 0.148996 0.417231
vt 0.248996 0.417231
vt 0.348996 0.417231
vt -0.251004 0.517231
vt -0.151004 0.517231
vt -0.051004 0.517231
vt 0.048996 0.517231
vt 0.148996 0.517231
vt -0.151004 0.617231
vt -0.051004 0.617231
vt 0.048996 0.617231
vt -0.264832 -0.467868
vt -0.164832 -0.467868
vt -0.064832 -0.467868
vt 0.035168 -0.467868
vt 0.135168 -0.467868
vt 0.235168 -0.467868
vt 0.335168 -0.467868
vt -0.364832 -0.367868
vt -0.264832 -0.367868
vt -0.164832 -0.367868
vt -0.064832 -0.367868
vt 0.035168 -0.367868
vt 0.135168 -0.367868
vt 0.235168 -0.367868
vt 0.335168 -0.367868
vt 0.435168 -0.367868
vt -0.464832 -0.267868
vt -0.364832 -0.267868
vt -0.264832 -0.267868
vt -0.164832 -0.267868
vt -0.064832 -0.267868
vt 0.035168 -0.267868
vt 0.135168 -0.267868
vt 0.235168 -0.267868
vt 0.335168 -0.267868
vt 0.435168 -0.267868
vt -0.464832 -0.167868
vt -0.364832 -0.167868
vt -0.264832 -0.167868
vt -0.164832 -0.167868
vt -0.064832 -0.167868
vt 0.035168 -0.167868
vt 0.135168 -0.167868
vt 0.235168 -0.167868
vt 0.335168 -0.167868
vt 0.435168 -0.167868
vt -0.464832 -0.067868
vt -0.364832 -0.067868
vt -0.264832 -0.067868
vt -0.164832 -0.067868
vt -0.064832 -0.067868
vt 0.035168 -0.067868
vt 0.135168 -0.067868
vt 0.235168 -0.067868
vt 0.335168 -0.067868
vt 0.435168 -0.067868
vt 0.535168 -0.067868
vt -0.564832 0.032132
vt -0.464832 0.032132
vt -0.364832 0.032132
vt -0.264832 0.032132
vt -0.164832 0.032132
vt -0.064832 0.032132
vt 0.035168 0.032132
vt 0.135168 0.032132
vt 0.235168 0.032132
vt 0.335168 0.032132
vt 0.435168 0.032132
vt 0.535168 0.032132
vt -0.564832 0.132132
vt -0.464832 0.132132
vt -0.364832 0.132132
vt -0.264832 0.132132
vt -0.164832 0.132132
vt -0.064832 0.132132
vt 0.035168 0.132132
vt 0.135168 0.132132
vt 0.235168 0.132132
vt 0.335168 0.132132
vt 0.435168 0.132132
vt 0.535168 0.132132
vt -0.564832 0.232132
vt -0.464832 0.232132
vt -0.364832 0.232132
vt -0.264832 0.232132
vt -0.164832 0.232132
vt -0.064832 0.232132
vt 0.035168 0.232132
vt 0.135168 0.232132
vt 0.235168 0.232132
vt 0.335168 0.232132
vt 0.435168 0.232132
vt 0.535168 0.232132
vt -0.464832 0.332132
vt -0.364832 0.332132
vt -0.264832 0.332132
vt -0.164832 0.332132
vt -0.064832 0.332132
vt 0.035168 0.332132
vt 0.135168 0.332132
vt 0.235168 0.332132
vt 0.335168 0.332132
vt 0.435168 0.332132
vt -0.264832 0.432132
vt -0.164832 0.432132
vt -0.064832 0.432132
vt 0.035168 0.432132
vt 0.135168 0.432132
vt 0.235168 0.432132
vt -0.064832 0.532132
vt 0.035168 0.532132
vt 0.135168 0.532132
vt -0.234369 -0.422576
vt -0.134369 -0.422576
vt -0.034369 -0.422576
vt 0.065631 -0.422576
vt 0.165631 -0.422576
vt -0.334369 -0.322576
vt -0.234369 -0.322576
vt -0.134369 -0.322576
vt -0.034369 -0.322576
vt 0.065631 -0.322576
vt 0.165631 -0.322576
vt 0.265631 -0.322576
vt 0.365631 -0.322576
vt -0.334369 -0.222576
vt -0.234369 -0.222576
vt -0.134369 -0.222576
vt -0.034369 -0.222576
vt 0.065631 -0.222576
vt 0.165631 -0.222576
vt 0.265631 -0.222576
vt 0.365631 -0.222576
vt -0.334369 -0.122576
vt -0.234369 -0.122576
vt -0.134369 -0.122576
vt -0.034369 -0.122576
vt 0.065631 -0.122576
vt 0.165631 -0.122576
vt 0.265631 -0.122576
vt 0.365631 -0.122576
vt -0.434369 -0.022576
vt -0.334369 -0.022576
vt -0.234369 -0.022576
vt -0.134369 -0.022576
vt -0.034369 -0.022576
vt 0.065631 -0.022576
vt 0.165631 -0.022576
vt 0.265631 -0.022576
vt 0.365631 -0.022576
vt 0.465631 -0.022576
vt -0.434369 0.077424
vt -0.334369 0.077424
vt -0.234369 0.077424
vt -0.134369 0.077424
vt -0.034369 0.077424
vt 0.065631 0.077424
vt 0.165631 0.077424
vt 0.265631 0.077424
vt 0.365631 0.077424
vt 0.465631 0.077424
vt -0.434369 0.177424
vt -0.334369 0.177424
vt -0.234369 0.177424
vt -0.134369 0.177424
vt -0.034369 0.177424
vt 0.065631 0.177424
vt 0.165631 0.177424
vt 0.265631 0.177424
vt 0.365631 0.177424
vt 0.465631 0.177424
vt -0.334369 0.277424
vt -0.234369 0.277424
vt -0.134369 0.277424
vt -0.034369 0.277424
vt 0.065631 0.277424
vt 0.165631 0.277424
vt 0.265631 0.277424
vt 0.365631 0.277424
vt -0.234369 0.377424
vt -0.134369 0.377424
vt -0.034369 0.377424
vt 0.065631 0.377424
vt 0.165631 0.377424
vt -0.034369 0.477424
vt 0.065631 0.477424
vn -0.0000000 0.0975714 0.9952285
vn 0.0243206 0.1216030 0.9922808
vn 0.0243206 0.1216030 0.9922808
vn -0.0000000 0.1216390 0.9925744
vn -0.0000000 0.1216390 0.9925744
vn -0.0000000 0.0975714 0.9952285
vn -0.0000000 0.0975714 0.9952285
vn 0.0243856 0.0975424 0.9949326
vn 0.0243206 0.1216030 0.9922808
vn -0.0000000 0.0975714 0.9952285
vn -0.0000000 0.0975714 0.9952285
vn -0.0000000 0.0975714 0.9952285
vn -0.0000000 0.0975714 0.9952285
vn 0.0244365 0.0733095 0.9970098
vn -0.0000000 0.0975714 0.9952285
vn -0.0000000 0.0975714 0.9952285
vn 0.0243856 0.0975424 0.9949326
vn 0.0244365 0.0733095 0.9970098
vn -0.0000000 0.0975714 0.9952285
vn -0.0000000 0.0975714 0.9952285
vn -0.0000000 0.0975714 0.9952285
vn -0.0000000 0.0975714 0.9952285
vn -0.0000000 0.0975714 0.9952285
vn 0.0244365 0.0733095 0.9970098
vn 0.0244365 0.0733095 0.9970098
vn -0.0000000 0.0733314 0.9973076
vn 0.0000000 0.0975714 0.9952285
vn 0.0244365 0.0733095 0.9970098
vn 0.0244365 0.0733095 0.9970098
vn -0.0000000 0.0733314 0.9973076
vn -0.0000000 0.0733314 0.9973076
vn -0.0000000 0.0975714 0.9952285
vn -0.0000000 0.0975714 0.9952285
vn 0.0000000 0.0975714 0.9952285
vn 0.0244365 0.0733095 0.9970098
vn 0.0000000 0.0489608 0.9988007
vn 0.0244365 0.0733095 0.9970098
vn 0.0244365 0.0733095 0.9970098
vn 0.0000000 0.0733314 0.9973076
vn 0.0000000 0.0489608 0.9988007
vn -0.0000000 0.0733314 0.9973076
vn 0.0244365 0.0733095 0.9970098
vn 0.0244365 0.0733095 0.9970098
vn -0.0000000 0.0733314 0.9973076
vn -0.0000000 0.0733314 0.9973076
vn 0.0244951 0.0244951 0.9993998
vn 0.0244731 0.0489462 0.9985015
vn 0.0244365 0.0733095 0.9970098
vn 0.0000000 0.0489608 0.9988007
vn -0.0000000 0.0489608 0.9988007
vn 0.0244731 0.0489462 0.9985015
vn 0.0244365 0.0733095 0.9970098
vn 0.0000000 0.0733314 0.9973076
vn 0.0000000 0.0489608 0.9988007
vn -0.0000000 0.0489608 0.9988007
vn -0.0000000 0.0489608 0.9988007
vn 0.0244951 0.0244951 0.9993998
vn 0.0489022 0.0489022 0.9976057
vn 0.0244951 0.0244951 0.9993998
vn -0.0000000 0.0489608 0.9988007
vn -0.0000000 0.0489608 0.9988007
vn 0.0244731 0.0489462 0.9985015
vn 0.0244951 0.0244951 0.9993998
vn -0.0000000 0.0245024 0.9996998
vn -0.0000000 0.0489608 0.9988007
vn -0.0000000 0.0489608 0.9988007
vn -0.0000000 0.0489608 0.9988007
vn 0.0489462 0.0244731 0.9985015
vn 0.0244951 0.0244951 0.9993998
vn 0.0244951 0.0244951 0.9993998
vn 0.0244951 0.0244951 0.9993998
vn -0.0000000 0.0489608 0.9988007
vn 0.0000000 0.0489608 0.9988007
vn 0.0000000 0.0245024 0.9996998
vn 0.0244951 0.0244951 0.9993998
vn 0.0244951 0.0244951 0.9993998
vn -0.0000000 0.0245024 0.9996998
vn 0.0489608 -0.0000000 0.9988007
vn 0.0244951 0.0244951 0.9993998
vn 0.0244951 0.0244951 0.9993998
vn 0.0244951 0.0244951 0.9993998
vn -0.0000000 0.0245024 0.9996998
vn -0.0000000 0.0245024 0.9996998
vn 0.0000000 0.0489608 0.9988007
vn 0.0000000 0.0245024 0.9996998
vn -0.0000000 0.0245024 0.9996998
vn 0.0489608 -0.0000000 0.9988007
vn 0.0489608 -0.0000000 0.9988007
vn 0.0244951 0.0244951 0.9993998
vn 0.0000000 0.0000000 1.0000000
vn -0.0000000 0.0245024 0.9996998
vn 0.0244951 0.0244951 0.9993998
vn 0.0244951 0.0244951 0.9993998
vn -0.0000000 0.0245024 0.9996998
vn -0.0000000 0.0245024 0.9996998
vn 0.0245024 -0.0000000 0.9996998
vn 0.0244951 0.0244951 0.9993998
vn 0.0000000 0.0245024 0.9996998
vn 0.0000000 0.0000000 1.0000000
vn -0.0000000 -0.0000000 1.0000000
vn 0.2153480 -0.0239276 0.9762442
vn 0.2153480 -0.0239276 0.9762442
vn 0.1923588 -0.0240449 0.9810300
vn 0.2153480 -0.0239276 0.9762442
vn 0.1923588 -0.0240449 0.9810300
vn 0.2379846 -0.0237985 0.9709773
vn 0.2379846 -0.0237985 0.9709773
vn 0.2153480 -0.0239276 0.9762442
vn 0.2153480 -0.0239276 0.9762442
vn 0.2153480 -0.0239276 0.9762442
vn 0.1924145 -0.0000000 0.9813137
vn 0.1923588 -0.0240449 0.9810300
vn 0.1924145 -0.0000000 0.9813137
vn 0.2380521 -0.0000000 0.9712524
vn 0.2380521 -0.0000000 0.9712524
vn 0.2154097 -0.0000000 0.9765238
vn 0.2153480 -0.0239276 0.9762442
vn 0.2154097 -0.0000000 0.9765238
vn 0.2153480 -0.0239276 0.9762442
vn 0.2154097 -0.0000000 0.9765238
vn 0.1924145 -0.0000000 0.9813137
vn 0.1690979 -0.0000000 0.9855993
vn 0.1690486 -0.0241498 0.9853118
vn 0.2380521 -0.0000000 0.9712524
vn 0.2380521 -0.0000000 0.9712524
vn 0.2154097 -0.0000000 0.9765238
vn 0.2154097 -0.0000000 0.9765238
vn 0.2154097 -0.0000000 0.9765238
vn 0.2154097 -0.0000000 0.9765238
vn 0.2154097 -0.0000000 0.9765238
vn 0.1924145 -0.0000000 0.9813137
vn 0.1690979 -0.0000000 0.9855993
vn 0.1690979 -0.0000000 0.9855993
vn 0.1690979 -0.0000000 0.9855993
vn 0.2380521 -0.0000000 0.9712524
vn 0.2380521 -0.0000000 0.9712524
vn 0.2154097 -0.0000000 0.9765238
vn 0.2154097 -0.0000000 0.9765238
vn 0.2154097 -0.0000000 0.9765238
vn 0.2154097 -0.0000000 0.9765238
vn 0.2154097 -0.0000000 0.9765238
vn 0.1924145 -0.0000000 0.9813137
vn 0.1690979 -0.0000000 0.9855993
vn 0.1690979 -0.0000000 0.9855993
vn 0.1690979 -0.0000000 0.9855993
vn 0.2380521 -0.0000000 0.9712524
vn 0.2380521 -0.0000000 0.9712524
vn 0.2154097 -0.0000000 0.9765238
vn 0.2153480 0.0239276 0.9762442
vn 0.2154097 -0.0000000 0.9765238
vn 0.2153480 0.0239276 0.9762442
vn 0.2154097 -0.0000000 0.9765238
vn 0.1924145 -0.0000000 0.9813137
vn 0.1690979 -0.0000000 0.9855993
vn 0.1690486 0.0241498 0.9853118
vn 0.1690979 0.0000000 0.9855993
vn 0.2153480 0.0239276 0.9762442
vn 0.2379846 0.0237985 0.9709773
vn 0.2379846 0.0237985 0.9709773
vn 0.2153480 0.0239276 0.9762442
vn 0.2153480 0.0239276 0.9762442
vn 0.2153480 0.0239276 0.9762442
vn 0.1924145 -0.0000000 0.9813137
vn 0.1923588 0.0240449 0.9810300
vn 0.1924145 0.0000000 0.9813137
vn 0.1690486 0.0241498 0.9853118
vn 0.1454512 0.0242419 0.9890684
vn 0.2377827 0.0475565 0.9701535
vn 0.2377827 0.0475565 0.9701535
vn 0.2153480 0.0239276 0.9762442
vn 0.2153480 0.0239276 0.9762442
vn 0.2153480 0.0239276 0.9762442
vn 0.1923588 0.0240449 0.9810300
vn 0.2153480 0.0239276 0.9762442
vn 0.1923588 0.0240449 0.9810300
vn 0.1690486 0.0241498 0.9853118
vn 0.1923588 0.0240449 0.9810300
vn 0.1690486 0.0241498 0.9853118
vn 0.2377827 0.0475565 0.9701535
vn 0.2153480 0.0239276 0.9762442
vn 0.2153480 0.0239276 0.9762442
vn 0.2151633 0.0478141 0.9754069
vn 0.2153480 0.0239276 0.9762442
vn 0.2151633 0.0478141 0.9754069
vn 0.1921922 0.0480481 0.9801804
vn 0.1923588 0.0240449 0.9810300
vn 0.1921922 0.0480481 0.9801804
vn 0.1690486 0.0241498 0.9853118
vn 0.1454512 0.0242419 0.9890684
vn 0.2151633 0.0478141 0.9754069
vn 0.2151633 0.0478141 0.9754069
vn 0.2377827 0.0475565 0.9701535
vn 0.2151633 0.0478141 0.9754069
vn 0.2151633 0.0478141 0.9754069
vn 0.2153480 0.0239276 0.9762442
vn 0.1921922 0.0480481 0.9801804
vn 0.1921922 0.0480481 0.9801804
vn 0.1690486 0.0241498 0.9853118
vn 0.1690486 0.0241498 0.9853118
vn 0.2377827 0.0475565 0.9701535
vn 0.2148565 0.0716188 0.9740161
vn 0.2151633 0.0478141 0.9754069
vn 0.2151633 0.0478141 0.9754069
vn 0.1921922 0.0480481 0.9801804
vn 0.2153480 0.0239276 0.9762442
vn 0.2151633 0.0478141 0.9754069
vn 0.1690486 0.0241498 0.9853118
vn 0.1690486 0.0241498 0.9853118
vn 0.1689009 0.0482574 0.9844510
vn 0.2151633 0.0478141 0.9754069
vn 0.1921922 0.0480481 0.9801804
vn 0.2148565 0.0716188 0.9740161
vn 0.1921922 0.0480481 0.9801804
vn 0.1689009 0.0482574 0.9844510
vn 0.1921922 0.0480481 0.9801804
vn 0.0965429 0.1448144 0.9847377
vn 0.0727898 0.1213163 0.9899414
vn 0.0727898 0.1213163 0.9899414
vn 0.0968537 0.1210671 0.9879079
vn 0.0727898 0.1213163 0.9899414
vn 0.0725553 0.1451105 0.9867516
vn 0.0727898 0.1213163 0.9899414
vn 0.0727898 0.1213163 0.9899414
vn 0.0727898 0.1213163 0.9899414
vn 0.0727898 0.1213163 0.9899414
vn 0.0729834 0.0973112 0.9925744
vn 0.0484411 0.1453232 0.9881977
vn 0.0727898 0.1213163 0.9899414
vn 0.0727898 0.1213163 0.9899414
vn 0.0727898 0.1213163 0.9899414
vn 0.0727898 0.1213163 0.9899414
vn 0.0729834 0.0973112 0.9925744
vn 0.0727898 0.1213163 0.9899414
vn 0.0487278 0.0974555 0.9940463
vn 0.0729834 0.0973112 0.9925744
vn 0.0485981 0.1214953 0.9914016
vn 0.0484411 0.1453232 0.9881977
vn 0.0727898 0.1213163 0.9899414
vn 0.0727898 0.1213163 0.9899414
vn 0.0487278 0.0974555 0.9940463
vn 0.0729834 0.0973112 0.9925744
vn 0.0731351 0.0731351 0.9946369
vn 0.0488293 0.0732440 0.9961180
vn 0.0488293 0.0732440 0.9961180
vn 0.0489022 0.0489022 0.9976057
vn 0.0489022 0.0489022 0.9976057
vn 0.0727898 0.1213163 0.9899414
vn 0.0727898 0.1213163 0.9899414
vn 0.0485981 0.1214953 0.9914016
vn 0.0487278 0.0974555 0.9940463
vn 0.0487278 0.0974555 0.9940463
vn 0.0487278 0.0974555 0.9940463
vn 0.0488293 0.0732440 0.9961180
vn 0.0488293 0.0732440 0.9961180
vn 0.0489022 0.0489022 0.9976057
vn 0.0489022 0.0489022 0.9976057
vn 0.0244731 0.0489462 0.9985015
vn 0.0729834 0.0973112 0.9925744
vn 0.0487278 0.0974555 0.9940463
vn 0.0487278 0.0974555 0.9940463
vn 0.0487278 0.0974555 0.9940463
vn 0.0487278 0.0974555 0.9940463
vn 0.0488293 0.0732440 0.9961180
vn 0.0488293 0.0732440 0.9961180
vn 0.0244365 0.0733095 0.9970098
vn 0.0244731 0.0489462 0.9985015
vn 0.0489022 0.0489022 0.9976057
vn 0.0244951 0.0244951 0.9993998
vn 0.0731351 0.0731351 0.9946369
vn 0.0731351 0.0731351 0.9946369
vn 0.0488293 0.0732440 0.9961180
vn 0.0488293 0.0732440 0.9961180
vn 0.0244365 0.0733095 0.9970098
vn 0.0244731 0.0489462 0.9985015
vn 0.0489022 0.0489022 0.9976057
vn 0.0244731 0.0489462 0.9985015
vn 0.0244731 0.0489462 0.9985015
vn 0.0244951 0.0244951 0.9993998
vn 0.0244951 0.0244951 0.9993998
vn 0.0487278 0.0974555 0.9940463
vn 0.0489022 0.0489022 0.9976057
vn 0.0489022 0.0489022 0.9976057
vn 0.0489022 0.0489022 0.9976057
vn 0.0244951 0.0244951 0.9993998
vn 0.0244731 0.0489462 0.9985015
vn 0.0489022 0.0489022 0.9976057
vn 0.0244951 0.0244951 0.9993998
vn -0.0000000 0.0489608 0.9988007
vn 0.0244951 0.0244951 0.9993998
vn 0.0244951 0.0244951 0.9993998
vn 0.0244365 0.0733095 0.9970098
vn 0.0244365 0.0733095 0.9970098
vn 0.0489022 0.0489022 0.9976057
vn 0.0244731 0.0489462 0.9985015
vn 0.0244951 0.0244951 0.9993998
vn 0.0489022 0.0489022 0.9976057
vn 0.0244951 0.0244951 0.9993998
vn 0.0244951 0.0244951 0.9993998
vn 0.0244951 0.0244951 0.9993998
vn 0.0000000 0.0245024 0.9996998
vn 0.0000000 0.0245024 0.9996998
vn 0.0489022 0.0489022 0.9976057
vn 0.0244365 0.0733095 0.9970098
vn 0.0244731 0.0489462 0.9985015
vn 0.0244951 0.0244951 0.9993998
vn 0.0244731 0.0489462 0.9985015
vn 0.0244951 0.0244951 0.9993998
vn 0.0244951 0.0244951 0.9993998
vn 0.0244951 0.0244951 0.9993998
vn -0.0000000 0.0000000 1.0000000
vn 0.0244951 0.0244951 0.9993998
vn 0.0244951 0.0244951 0.9993998
vn -0.0000000 0.0489608 0.9988007
vn 0.0244951 0.0244951 0.9993998
vn 0.0244951 0.0244951 0.9993998
vn 0.0244951 0.0244951 0.9993998
vn 0.0244951 0.0244951 0.9993998
vn -0.0000000 -0.0000000 1.0000000
vn 0.0245024 -0.0000000 0.9996998
vn 0.0244951 0.0244951 0.9993998
vn 0.0244951 0.0244951 0.9993998
vn 0.0244951 0.0244951 0.9993998
vn -0.0000000 0.0489608 0.9988007
vn 0.0244951 0.0244951 0.9993998
vn 0.0244951 0.0244951 0.9993998
vn -0.0000000 0.0000000 1.0000000
vn -0.0000000 0.0245024 0.9996998
vn 0.0244951 0.0244951 0.9993998
vn 0.0245024 0.0000000 0.9996998
vn 0.0244951 0.0244951 0.9993998
vn 0.0244951 0.0244951 0.9993998
vn -0.0000000 0.0245024 0.9996998
vn 0.0000000 -0.0000000 1.0000000
vn 0.0244951 0.0244951 0.9993998
vn 0.0244951 0.0244951 0.9993998
vn -0.0000000 0.0245024 0.9996998
vn -0.0000000 -0.0000000 1.0000000
vn -0.0000000 -0.0000000 1.0000000
vn -0.0000000 -0.0000000 1.0000000
vn -0.0000000 -0.0000000 1.0000000
vn -0.0000000 -0.0000000 1.0000000
vn -0.0000000 -0.0000000 1.0000000
vn -0.0000000 -0.0000000 1.0000000
vn -0.0000000 -0.0000000 1.0000000
vn -0.0000000 -0.0000000 1.0000000
vn -0.0000000 -0.0000000 1.0000000
vn -0.0000000 -0.0000000 1.0000000
vn -0.0000000 -0.0000000 1.0000000
vn -0.0000000 -0.0000000 1.0000000
vn -0.0000000 -0.0000000 1.0000000
vn -0.0000000 -0.0000000 1.0000000
vn -0.0000000 -0.0000000 1.0000000
vn -0.0000000 -0.0000000 1.0000000
vn -0.0000000 -0.0000000 1.0000000
vn -0.0000000 -0.0000000 1.0000000
vn -0.0000000 -0.0000000 1.0000000
vn -0.0000000 -0.0000000 1.0000000
vn -0.0000000 -0.0000000 1.0000000
vn -0.0000000 -0.0000000 1.0000000
vn -0.0000000 -0.0000000 1.0000000
vn -0.0000000 -0.0000000 1.0000000
vn -0.0000000 -0.0000000 1.0000000
vn -0.0000000 -0.0000000 1.0000000
vn -0.0000000 -0.0000000 1.0000000
vn -0.0000000 -0.0000000 1.0000000
vn -0.0000000 -0.0000000 1.0000000
vn -0.0000000 -0.0000000 1.0000000
vn -0.0000000 -0.0000000 1.0000000
vn -0.0000000 -0.0000000 1.0000000
vn -0.0000000 -0.0000000 1.0000000
vn -0.0000000 -0.0000000 1.0000000
vn -0.0000000 -0.0000000 1.0000000
vn -0.0000000 -0.0000000 1.0000000
vn -0.0000000 -0.0000000 1.0000000
vn -0.0000000 -0.0000000 1.0000000
vn -0.0000000 -0.0000000 1.0000000
vn -0.0000000 -0.0000000 1.0000000
vn -0.0000000 -0.0000000 1.0000000
vn -0.0000000 -0.0000000 1.0000000
vn -0.0000000 -0.0245024 0.9996998
vn -0.0000000 -0.0000000 1.0000000
vn -0.0000000 -0.0000000 1.0000000
vn -0.0000000 -0.0000000 1.0000000
vn -0.0000000 -0.0000000 1.0000000
vn -0.0000000 -0.0000000 1.0000000
vn -0.0000000 -0.0000000 1.0000000
vn -0.0000000 -0.0000000 1.0000000
vn -0.0000000 -0.0000000 1.0000000
vn -0.0000000 -0.0000000 1.0000000
vn -0.0000000 -0.0000000 1.0000000
vn -0.0000000 -0.0000000 1.0000000
vn -0.0000000 -0.0000000 1.0000000
vn -0.0000000 -0.0000000 1.0000000
vn 0.0244951 -0.0244951 0.9993998
vn 0.0244951 -0.0244951 0.9993998
vn -0.0000000 -0.0000000 1.0000000
vn -0.0000000 -0.0000000 1.0000000
vn -0.0000000 -0.0000000 1.0000000
vn -0.0000000 -0.0000000 1.0000000
vn -0.0000000 -0.0000000 1.0000000
vn -0.0000000 -0.0000000 1.0000000
vn -0.0000000 -0.0000000 1.0000000
vn -0.0000000 -0.0000000 1.0000000
vn -0.0000000 -0.0000000 1.0000000
vn -0.0000000 -0.0000000 1.0000000
vn -0.0000000 -0.0000000 1.0000000
vn -0.0000000 -0.0000000 1.0000000
vn 0.0000000 -0.0000000 1.0000000
vn 0.0244951 -0.0244951 0.9993998
vn 0.0244951 -0.0244951 0.9993998
vn -0.0000000 -0.0000000 1.0000000
vn -0.0000000 -0.0000000 1.0000000
vn -0.0000000 -0.0000000 1.0000000
vn -0.0000000 -0.0000000 1.0000000
vn -0.0000000 -0.0000000 1.0000000
vn -0.0000000 -0.0000000 1.0000000
vn -0.0000000 -0.0000000 1.0000000
vn -0.0000000 -0.0000000 1.0000000
vn -0.0000000 -0.0000000 1.0000000
vn -0.0000000 -0.0000000 1.0000000
vn -0.0000000 -0.0000000 1.0000000
vn -0.0000000 -0.0000000 1.0000000
vn 0.0000000 -0.0000000 1.0000000
vn 0.0244951 -0.0244951 0.9993998
vn 0.0244951 -0.0244951 0.9993998
vn -0.0000000 -0.0000000 1.0000000
vn -0.0000000 -0.0000000 1.0000000
vn -0.0000000 -0.0000000 1.0000000
vn -0.0000000 -0.0000000 1.0000000
vn -0.0000000 -0.0000000 1.0000000
vn -0.0000000 -0.0000000 1.0000000
vn -0.0000000 -0.0000000 1.0000000
vn -0.0000000 -0.0000000 1.0000000
vn -0.0000000 -0.0000000 1.0000000
vn -0.0000000 -0.0000000 1.0000000
vn 0.0000000 -0.0000000 1.0000000
vn 0.0244951 -0.0244951 0.9993998
vn 0.0244951 -0.0244951 0.9993998
vn -0.0000000 -0.0000000 1.0000000
vn -0.0000000 -0.0000000 1.0000000
vn -0.0000000 -0.0000000 1.0000000
vn -0.0000000 -0.0000000 1.0000000
vn -0.0000000 -0.0000000 1.0000000
vn -0.0000000 -0.0000000 1.0000000
vn -0.0000000 -0.0000000 1.0000000
vn -0.0000000 -0.0000000 1.0000000
vn -0.0000000 -0.0000000 1.0000000
vn 0.0000000 -0.0000000 1.0000000
vn 0.0244951 -0.0244951 0.9993998
vn 0.0244951 -0.0244951 0.9993998
vn -0.0000000 -0.0000000 1.0000000
vn -0.0000000 -0.0000000 1.0000000
vn -0.0000000 -0.0000000 1.0000000
vn -0.0000000 -0.0000000 1.0000000
vn -0.0000000 -0.0000000 1.0000000
vn -0.0000000 -0.0000000 1.0000000
vn -0.0000000 -0.0000000 1.0000000
vn -0.0000000 -0.0000000 1.0000000
vn -0.0000000 -0.0000000 1.0000000
vn 0.0000000 -0.0000000 1.0000000
vn 0.0244951 -0.0244951 0.9993998
vn 0.0244951 -0.0244951 0.9993998
vn -0.0000000 -0.0000000 1.0000000
vn -0.0000000 -0.0000000 1.0000000
vn -0.0000000 -0.0000000 1.0000000
vn -0.0000000 -0.0000000 1.0000000
vn -0.0000000 -0.0000000 1.0000000
vn 0.0239276 -0.2153480 0.9762442
vn 0.0475565 -0.2377827 0.9701535
vn 0.0475565 -0.2377827 0.9701535
vn 0.0240449 -0.1923588 0.9810300
vn 0.0241498 -0.1690486 0.9853118
vn 0.0240449 -0.1923588 0.9810300
vn 0.0480481 -0.1921922 0.9801804
vn 0.0480481 -0.1921922 0.9801804
vn 0.0239276 -0.2153480 0.9762442
vn 0.0239276 -0.2153480 0.9762442
vn 0.0240449 -0.1923588 0.9810300
vn 0.0239276 -0.2153480 0.9762442
vn 0.0240449 -0.1923588 0.9810300
vn 0.0480481 -0.1921922 0.9801804
vn 0.0480481 -0.1921922 0.9801804
vn 0.0480481 -0.1921922 0.9801804
vn 0.0480481 -0.1921922 0.9801804
vn -0.0000000 -0.1924145 0.9813137
vn 0.0239276 -0.2153480 0.9762442
vn 0.0240449 -0.1923588 0.9810300
vn 0.0239276 -0.2153480 0.9762442
vn 0.0480481 -0.1921922 0.9801804
vn 0.0480481 -0.1921922 0.9801804
vn 0.0480481 -0.1921922 0.9801804
vn 0.0480481 -0.1921922 0.9801804
vn 0.0480481 -0.1921922 0.9801804
vn -0.0000000 -0.2154097 0.9765238
vn 0.0240449 -0.1923588 0.9810300
vn 0.0239276 -0.2153480 0.9762442
vn 0.0240449 -0.1923588 0.9810300
vn 0.0478141 -0.2151633 0.9754069
vn 0.0478141 -0.2151633 0.9754069
vn 0.0478141 -0.2151633 0.9754069
vn 0.0478141 -0.2151633 0.9754069
vn 0.0480481 -0.1921922 0.9801804
vn 0.0239276 -0.2153480 0.9762442
vn 0.0239276 -0.2153480 0.9762442
vn 0.0239276 -0.2153480 0.9762442
vn 0.0239276 -0.2153480 0.9762442
vn 0.0239276 -0.2153480 0.9762442
vn 0.0478141 -0.2151633 0.9754069
vn 0.0478141 -0.2151633 0.9754069
vn 0.0716188 -0.2148565 0.9740161
vn 0.0716188 -0.2148565 0.9740161
vn 0.0239276 -0.2153480 0.9762442
vn 0.0239276 -0.2153480 0.9762442
vn 0.0239276 -0.2153480 0.9762442
vn 0.0480481 -0.1921922 0.9801804
vn 0.0478141 -0.2151633 0.9754069
vn 0.0480481 -0.1921922 0.9801804
vn 0.0480481 -0.1921922 0.9801804
vn 0.0239276 -0.2153480 0.9762442
vn 0.0237985 -0.2379846 0.9709773
vn 0.0478141 -0.2151633 0.9754069
vn 0.0239276 -0.2153480 0.9762442
vn 0.0478141 -0.2151633 0.9754069
vn 0.0716188 -0.2148565 0.9740161
vn 0.0478141 -0.2151633 0.9754069
vn -0.0000000 -0.0000000 1.0000000
vn -0.0000000 -0.0000000 1.0000000
vn -0.0000000 -0.0000000 1.0000000
vn -0.0000000 -0.0000000 1.0000000
vn -0.0000000 -0.0000000 1.0000000
vn -0.0000000 -0.0000000 1.0000000
vn -0.0000000 -0.0000000 1.0000000
vn -0.0000000 -0.0000000 1.0000000
vn -0.0000000 -0.0000000 1.0000000
vn -0.0000000 -0.0000000 1.0000000
vn -0.0000000 -0.0000000 1.0000000
vn -0.0000000 -0.0000000 1.0000000
vn -0.0000000 -0.0000000 1.0000000
vn -0.0000000 -0.0000000 1.0000000
vn -0.0000000 -0.0000000 1.0000000
vn -0.0000000 -0.0000000 1.0000000
vn -0.0000000 -0.0000000 1.0000000
vn -0.0000000 -0.0000000 1.0000000
vn -0.0000000 -0.0000000 1.0000000
vn -0.0000000 -0.0000000 1.0000000
vn -0.0000000 -0.0000000 1.0000000
vn -0.0000000 -0.0000000 1.0000000
vn -0.0000000 -0.0000000 1.0000000
vn -0.0000000 -0.0000000 1.0000000
vn -0.0000000 -0.0000000 1.0000000
vn -0.0000000 -0.0000000 1.0000000
vn -0.0000000 -0.0000000 1.0000000
vn -0.0000000 -0.0000000 1.0000000
vn -0.0000000 -0.0000000 1.0000000
vn -0.0000000 -0.0000000 1.0000000
vn -0.0000000 -0.0000000 1.0000000
vn -0.0000000 -0.0000000 1.0000000
vn -0.0000000 -0.0000000 1.0000000
vn -0.0000000 -0.0000000 1.0000000
vn -0.0000000 -0.0000000 1.0000000
vn -0.0000000 -0.0000000 1.0000000
vn -0.0000000 -0.0000000 1.0000000
vn -0.0000000 -0.0000000 1.0000000
vn -0.0000000 -0.0000000 1.0000000
vn -0.0000000 -0.0000000 1.0000000
vn -0.0000000 -0.0000000 1.0000000
vn -0.0000000 -0.0000000 1.0000000
vn -0.0000000 -0.0000000 1.0000000
vn -0.0000000 -0.0000000 1.0000000
vn -0.0000000 -0.0000000 1.0000000
vn -0.0000000 -0.0000000 1.0000000
vn -0.0000000 -0.0000000 1.0000000
vn -0.0000000 -0.0000000 1.0000000
vn -0.0000000 -0.0000000 1.0000000
vn -0.0000000 -0.0000000 1.0000000
vn -0.0000000 -0.0000000 1.0000000
vn -0.0000000 -0.0000000 1.0000000
vn -0.0000000 -0.0000000 1.0000000
vn -0.0000000 -0.0000000 1.0000000
vn -0.0000000 -0.0000000 1.0000000
vn -0.0000000 -0.0000000 1.0000000
vn -0.0000000 -0.0000000 1.0000000
vn -0.0000000 -0.0000000 1.0000000
vn -0.0000000 -0.0000000 1.0000000
vn -0.0000000 -0.0000000 1.0000000
vn -0.0000000 -0.0000000 1.0000000
vn -0.0000000 -0.0000000 1.0000000
vn -0.0000000 -0.0000000 1.0000000
vn -0.0000000 -0.0000000 1.0000000
vn -0.0000000 -0.0000000 1.0000000
vn -0.0000000 -0.0000000 1.0000000
vn -0.0000000 -0.0000000 1.0000000
vn -0.0000000 -0.0000000 1.0000000
vn -0.0000000 -0.0000000 1.0000000
vn -0.0000000 -0.0000000 1.0000000
vn -0.0000000 -0.0000000 1.0000000
vn -0.0000000 -0.0000000 1.0000000
vn -0.0000000 -0.0000000 1.0000000
vn -0.0000000 -0.0000000 1.0000000
vn -0.0000000 -0.0000000 1.0000000
vn -0.0000000 -0.0000000 1.0000000
vn -0.0000000 -0.0000000 1.0000000
vn -0.0000000 -0.0000000 1.0000000
vn -0.0000000 -0.0000000 1.0000000
vn -0.0000000 -0.0000000 1.0000000
vn -0.0000000 -0.0000000 1.0000000
vn -0.0000000 -0.0000000 1.0000000
vn -0.0000000 -0.0000000 1.0000000
vn -0.0000000 -0.0000000 1.0000000
vn -0.0000000 -0.0000000 1.0000000
vn -0.0000000 -0.0000000 1.0000000
vn -0.0000000 -0.0000000 1.0000000
vn -0.0000000 -0.0000000 1.0000000
vn -0.0000000 -0.0000000 1.0000000
vn -0.0000000 -0.0000000 1.0000000
vn -0.0000000 -0.0000000 1.0000000
vn -0.0000000 -0.0000000 1.0000000
vn -0.0000000 -0.0000000 1.0000000
vn -0.0000000 -0.0000000 1.0000000
vn -0.0000000 -0.0000000 1.0000000
vn -0.0000000 -0.0000000 1.0000000
vn -0.0000000 -0.0000000 1.0000000
vn -0.0000000 -0.0000000 1.0000000
vn -0.0000000 -0.0000000 1.0000000
vn -0.0000000 -0.0000000 1.0000000
vn -0.0000000 -0.0000000 1.0000000
vn -0.0000000 -0.0000000 1.0000000
vn -0.0000000 -0.0000000 1.0000000
vn -0.0000000 -0.0000000 1.0000000
vn -0.0000000 -0.0000000 1.0000000
vn -0.0000000 -0.0000000 1.0000000
vn -0.0000000 -0.0000000 1.0000000
vn -0.0000000 -0.0000000 1.0000000
vn -0.0000000 -0.0000000 1.0000000
vn -0.0000000 -0.0000000 1.0000000
vn -0.0244951 0.0244951 0.9993998
vn -0.0244951 0.0244951 0.9993998
vn -0.0000000 -0.0000000 1.0000000
vn -0.0000000 0.0245024 0.9996998
vn -0.0244951 0.0244951 0.9993998
vn -0.0000000 -0.0000000 1.0000000
vn -0.0000000 -0.0000000 1.0000000
vn -0.0000000 -0.0000000 1.0000000
vn -0.0244951 0.0244951 0.9993998
vn -0.0244951 0.0244951 0.9993998
vn -0.0000000 -0.0000000 1.0000000
vn -0.0000000 -0.0000000 1.0000000
vn -0.0244951 0.0244951 0.9993998
vn -0.0000000 -0.0000000 1.0000000
vn -0.0000000 -0.0000000 1.0000000
vn -0.0000000 -0.0000000 1.0000000
vn -0.0000000 -0.0000000 1.0000000
vn -0.0244951 0.0244951 0.9993998
vn -0.0244951 0.0244951 0.9993998
vn -0.0000000 0.0245024 0.9996998
vn -0.0000000 -0.0000000 1.0000000
vn -0.0000000 -0.0000000 1.0000000
vn -0.0000000 -0.0000000 1.0000000
vn -0.0000000 -0.0000000 1.0000000
vn -0.0000000 -0.0000000 1.0000000
vn -0.0000000 -0.0000000 1.0000000
vn -0.0000000 0.0245024 0.9996998
vn -0.0244951 0.0244951 0.9993998
vn -0.0244951 0.0244951 0.9993998
vn -0.0000000 -0.0000000 1.0000000
vn -0.0000000 -0.0000000 1.0000000
vn -0.0000000 -0.0000000 1.0000000
vn -0.0000000 -0.0000000 1.0000000
vn -0.0000000 -0.0000000 1.0000000
vn -0.0000000 -0.0000000 1.0000000
vn -0.0000000 -0.0000000 1.0000000
vn -0.0000000 0.0245024 0.9996998
vn -0.0000000 -0.0000000 1.0000000
vn -0.0000000 -0.0000000 1.0000000
vn -0.0000000 -0.0000000 1.0000000
vn -0.0000000 -0.0000000 1.0000000
vn -0.0000000 -0.0000000 1.0000000
vn -0.0000000 -0.0000000 1.0000000
vn -0.0000000 -0.0000000 1.0000000
vn -0.0000000 -0.0000000 1.0000000
vn -0.0000000 -0.0000000 1.0000000
vn -0.0000000 -0.0000000 1.0000000
vn -0.0000000 -0.0000000 1.0000000
vn -0.0000000 -0.0000000 1.0000000
vn -0.0000000 -0.0000000 1.0000000
vn -0.0000000 -0.0000000 1.0000000
vn -0.0000000 -0.0000000 1.0000000
vn -0.0000000 -0.0000000 1.0000000
vn -0.0000000 -0.0000000 1.0000000
vn -0.0000000 -0.0000000 1.0000000
vn -0.0000000 -0.0000000 1.0000000
vn -0.0000000 -0.0000000 1.0000000
vn -0.0000000 -0.0000000 1.0000000
vn -0.0000000 -0.0000000 1.0000000
vn -0.0000000 -0.0000000 1.0000000
vn -0.0000000 -0.0000000 1.0000000
vn -0.0000000 -0.0000000 1.0000000
vn -0.0000000 -0.0000000 1.0000000
vn -0.0000000 -0.0000000 1.0000000
vn -0.0000000 -0.0000000 1.0000000
vn -0.0000000 -0.0000000 1.0000000
vn -0.0000000 -0.0000000 1.0000000
vn -0.0000000 -0.0000000 1.0000000
vn -0.0000000 -0.0000000 1.0000000
vn -0.0000000 -0.0000000 1.0000000
vn -0.0000000 -0.0000000 1.0000000
vn -0.0000000 -0.0000000 1.0000000
vn -0.0000000 -0.0000000 1.0000000
vn -0.0000000 -0.0000000 1.0000000
vn -0.0000000 -0.0000000 1.0000000
vn -0.0000000 -0.0000000 1.0000000
vn -0.0000000 -0.0000000 1.0000000
vn -0.0000000 -0.0000000 1.0000000
vn -0.0000000 -0.0000000 1.0000000
vn -0.0000000 -0.0000000 1.0000000
vn -0.0000000 -0.0000000 1.0000000
vn -0.0000000 -0.0000000 1.0000000
vn -0.0000000 -0.0000000 1.0000000
vn -0.0000000 -0.0000000 1.0000000
vn -0.0000000 -0.0000000 1.0000000
vn -0.0000000 -0.0000000 1.0000000
vn -0.0000000 -0.0000000 1.0000000
vn -0.0000000 -0.0000000 1.0000000
vn -0.0000000 -0.0000000 1.0000000
vn -0.0000000 -0.0000000 1.0000000
vn -0.0000000 -0.0000000 1.0000000
vn -0.0000000 -0.0000000 1.0000000
vn -0.0000000 -0.0000000 1.0000000
vn -0.0000000 -0.0000000 1.0000000
vn -0.0000000 -0.0000000 1.0000000
vn -0.0000000 -0.0000000 1.0000000
vn -0.0000000 -0.0000000 1.0000000
vn -0.0000000 -0.0000000 1.0000000
vn -0.0000000 -0.0000000 1.0000000
vn -0.0000000 -0.0000000 1.0000000
vn -0.0000000 -0.0000000 1.0000000
vn -0.1924145 -0.0000000 0.9813137
vn -0.1924145 -0.0000000 0.9813137
vn -0.1924145 -0.0000000 0.9813137
vn -0.1924145 -0.0000000 0.9813137
vn -0.1924145 -0.0000000 0.9813137
vn -0.1924145 -0.0000000 0.9813137
vn -0.1924145 -0.0000000 0.9813137
vn -0.1924145 -0.0000000 0.9813137
vn -0.2154097 -0.0000000 0.9765238
vn -0.2154097 -0.0000000 0.9765238
vn -0.1924145 -0.0000000 0.9813137
vn -0.1924145 -0.0000000 0.9813137
vn -0.1924145 -0.0000000 0.9813137
vn -0.1924145 -0.0000000 0.9813137
vn -0.1924145 -0.0000000 0.9813137
vn -0.2154097 -0.0000000 0.9765238
vn -0.2154097 -0.0000000 0.9765238
vn -0.1924145 -0.0000000 0.9813137
vn -0.1924145 -0.0000000 0.9813137
vn -0.1924145 -0.0000000 0.9813137
vn -0.1924145 -0.0000000 0.9813137
vn -0.1924145 -0.0000000 0.9813137
vn -0.1924145 -0.0000000 0.9813137
vn -0.2154097 -0.0000000 0.9765238
vn -0.2154097 -0.0000000 0.9765238
vn -0.1924145 -0.0000000 0.9813137
vn -0.1924145 -0.0000000 0.9813137
vn -0.1924145 -0.0000000 0.9813137
vn -0.1924145 -0.0000000 0.9813137
vn -0.1924145 -0.0000000 0.9813137
vn -0.1924145 -0.0000000 0.9813137
vn -0.2154097 -0.0000000 0.9765238
vn -0.2154097 -0.0000000 0.9765238
vn -0.1924145 -0.0000000 0.9813137
vn -0.1690979 -0.0000000 0.9855993
vn -0.1924145 -0.0000000 0.9813137
vn -0.1924145 -0.0000000 0.9813137
vn -0.1924145 -0.0000000 0.9813137
vn -0.1924145 -0.0000000 0.9813137
vn -0.1924145 -0.0000000 0.9813137
vn -0.2154097 -0.0000000 0.9765238
vn -0.2154097 -0.0000000 0.9765238
vn -0.1924145 -0.0000000 0.9813137
vn -0.1690979 -0.0000000 0.9855993
vn -0.1924145 -0.0000000 0.9813137
vn -0.1924145 -0.0000000 0.9813137
vn -0.1924145 -0.0000000 0.9813137
vn -0.1924145 -0.0000000 0.9813137
vn -0.1924145 -0.0000000 0.9813137
vn -0.2154097 -0.0000000 0.9765238
vn -0.2154097 -0.0000000 0.9765238
vn -0.1924145 -0.0000000 0.9813137
vn -0.1924145 -0.0000000 0.9813137
vn -0.1690979 -0.0000000 0.9855993
vn -0.1924145 -0.0000000 0.9813137
vn -0.1924145 -0.0000000 0.9813137
vn -0.1924145 -0.0000000 0.9813137
vn -0.1924145 -0.0000000 0.9813137
vn -0.1924145 -0.0000000 0.9813137
vn -0.2154097 -0.0000000 0.9765238
vn -0.2154097 -0.0000000 0.9765238
vn -0.1924145 -0.0000000 0.9813137
vn -0.1924145 -0.0000000 0.9813137
vn -0.1690979 -0.0000000 0.9855993
vn -0.1924145 -0.0000000 0.9813137
vn -0.1924145 -0.0000000 0.9813137
vn -0.1924145 -0.0000000 0.9813137
vn -0.1924145 -0.0000000 0.9813137
vn -0.1924145 -0.0000000 0.9813137
vn -0.2154097 -0.0000000 0.9765238
vn -0.2154097 -0.0000000 0.9765238
vn -0.1924145 -0.0000000 0.9813137
vn -0.1924145 -0.0000000 0.9813137
vn -0.1924145 -0.0000000 0.9813137
vn -0.1924145 -0.0000000 0.9813137
vn -0.1924145 -0.0000000 0.9813137
vn -0.1924145 -0.0000000 0.9813137
vn -0.1924145 -0.0000000 0.9813137
vn -0.2154097 -0.0000000 0.9765238
vn -0.2154097 -0.0000000 0.9765238
vn -0.1924145 -0.0000000 0.9813137
vn -0.1924145 -0.0000000 0.9813137
vn -0.1924145 -0.0000000 0.9813137
vn -0.1924145 -0.0000000 0.9813137
vn -0.1924145 -0.0000000 0.9813137
vn -0.2154097 -0.0000000 0.9765238
vn -0.2154097 -0.0000000 0.9765238
vn -0.1924145 -0.0000000 0.9813137
vn -0.1924145 -0.0000000 0.9813137
vn -0.1924145 -0.0000000 0.9813137
vn -0.1924145 -0.0000000 0.9813137
vn -0.1924145 -0.0000000 0.9813137
vn -0.2154097 -0.0000000 0.9765238
vn -0.1924145 -0.0000000 0.9813137
vn -0.1924145 -0.0000000 0.9813137
vn -0.1924145 -0.0000000 0.9813137
vn -0.2154097 -0.0000000 0.9765238
vn -0.2154097 -0.0000000 0.9765238
vn -0.1690979 -0.0000000 0.9855993
vn -0.1454940 -0.0000000 0.9893591
vn -0.1216390 -0.0000000 0.9925744
vn -0.0489608 -0.0000000 0.9988007
vn 0.0245024 -0.0000000 0.9996998
vn -0.2154097 -0.0000000 0.9765238
vn -0.2154097 -0.0000000 0.9765238
vn -0.2154097 -0.0000000 0.9765238
vn -0.1690979 -0.0000000 0.9855993
vn -0.1454940 -0.0000000 0.9893591
vn -0.1216390 -0.0000000 0.9925744
vn -0.0489608 -0.0000000 0.9988007
vn 0.0245024 -0.0000000 0.9996998
vn 0.1216390 -0.0000000 0.9925744
vn -0.2380521 -0.0000000 0.9712524
vn -0.2154097 -0.0000000 0.9765238
vn -0.2154097 -0.0000000 0.9765238
vn -0.2154097 -0.0000000 0.9765238
vn -0.1690979 -0.0000000 0.9855993
vn -0.1454940 -0.0000000 0.9893591
vn -0.1216390 -0.0000000 0.9925744
vn -0.0489608 -0.0000000 0.9988007
vn 0.0245024 -0.0000000 0.9996998
vn 0.1216390 -0.0000000 0.9925744
vn -0.2380521 -0.0000000 0.9712524
vn -0.2154097 -0.0000000 0.9765238
vn -0.2154097 -0.0000000 0.9765238
vn -0.2154097 -0.0000000 0.9765238
vn -0.1690979 -0.0000000 0.9855993
vn -0.1454940 -0.0000000 0.9893591
vn -0.1216390 -0.0000000 0.9925744
vn -0.0489608 -0.0000000 0.9988007
vn 0.0245024 -0.0000000 0.9996998
vn 0.1216390 -0.0000000 0.9925744
vn -0.2380521 -0.0000000 0.9712524
vn -0.2154097 -0.0000000 0.9765238
vn -0.2154097 -0.0000000 0.9765238
vn -0.2154097 -0.0000000 0.9765238
vn -0.1690979 -0.0000000 0.9855993
vn -0.1454940 -0.0000000 0.9893591
vn -0.1216390 -0.0000000 0.9925744
vn -0.0489608 -0.0000000 0.9988007
vn 0.0245024 -0.0000000 0.9996998
vn 0.1216390 -0.0000000 0.9925744
vn 0.2380521 -0.0000000 0.9712524
vn -0.2380521 -0.0000000 0.9712524
vn -0.2380521 -0.0000000 0.9712524
vn -0.2154097 -0.0000000 0.9765238
vn -0.2154097 -0.0000000 0.9765238
vn -0.2154097 -0.0000000 0.9765238
vn -0.1690979 -0.0000000 0.9855993
vn -0.1454940 -0.0000000 0.9893591
vn -0.1216390 -0.0000000 0.9925744
vn -0.0489608 -0.0000000 0.9988007
vn 0.0245024 -0.0000000 0.9996998
vn 0.1216390 -0.0000000 0.9925744
vn 0.2380521 -0.0000000 0.9712524
vn -0.2380521 -0.0000000 0.9712524
vn -0.2380521 -0.0000000 0.9712524
vn -0.2154097 -0.0000000 0.9765238
vn -0.2154097 -0.0000000 0.9765238
vn -0.2154097 -0.0000000 0.9765238
vn -0.1690979 -0.0000000 0.9855993
vn -0.1454940 -0.0000000 0.9893591
vn -0.1216390 -0.0000000 0.9925744
vn -0.0489608 -0.0000000 0.9988007
vn 0.0245024 -0.0000000 0.9996998
vn 0.1216390 -0.0000000 0.9925744
vn 0.2380521 -0.0000000 0.9712524
vn -0.2380521 -0.0000000 0.9712524
vn -0.2380521 -0.0000000 0.9712524
vn -0.2154097 -0.0000000 0.9765238
vn -0.2154097 -0.0000000 0.9765238
vn -0.2154097 -0.0000000 0.9765238
vn -0.1690979 -0.0000000 0.9855993
vn -0.1454940 -0.0000000 0.9893591
vn -0.1216390 -0.0000000 0.9925744
vn -0.0489608 -0.0000000 0.9988007
vn 0.0245024 -0.0000000 0.9996998
vn 0.1216390 -0.0000000 0.9925744
vn 0.2380521 -0.0000000 0.9712524
vn -0.2380521 -0.0000000 0.9712524
vn -0.2154097 -0.0000000 0.9765238
vn -0.2154097 -0.0000000 0.9765238
vn -0.2154097 -0.0000000 0.9765238
vn -0.1690979 -0.0000000 0.9855993
vn -0.1454940 -0.0000000 0.9893591
vn -0.1216390 -0.0000000 0.9925744
vn -0.0489608 -0.0000000 0.9988007
vn 0.0245024 -0.0000000 0.9996998
vn 0.1216390 -0.0000000 0.9925744
vn -0.2154097 -0.0000000 0.9765238
vn -0.2154097 -0.0000000 0.9765238
vn -0.1690979 -0.0000000 0.9855993
vn -0.1454940 -0.0000000 0.9893591
vn -0.1216390 -0.0000000 0.9925744
vn -0.0489608 -0.0000000 0.9988007
vn -0.1690979 -0.0000000 0.9855993
vn -0.1454940 -0.0000000 0.9893591
vn -0.1216390 -0.0000000 0.9925744
vn -0.0000000 -0.0000000 1.0000000
vn -0.0000000 -0.0000000 1.0000000
vn -0.0000000 -0.0000000 1.0000000
vn -0.0000000 -0.0000000 1.0000000
vn -0.0000000 -0.0000000 1.0000000
vn -0.0000000 -0.0000000 1.0000000
vn -0.0000000 -0.0000000 1.0000000
vn -0.0000000 -0.0000000 1.0000000
vn -0.0000000 -0.0000000 1.0000000
vn -0.0000000 -0.0000000 1.0000000
vn -0.0000000 -0.0000000 1.0000000
vn -0.0000000 -0.0000000 1.0000000
vn -0.0000000 -0.0000000 1.0000000
vn -0.0000000 -0.0000000 1.0000000
vn -0.0000000 -0.0000000 1.0000000
vn -0.0000000 -0.0000000 1.0000000
vn -0.0000000 -0.0000000 1.0000000
vn -0.0000000 -0.0000000 1.0000000
vn -0.0000000 -0.0000000 1.0000000
vn -0.0000000 -0.0000000 1.0000000
vn -0.0000000 -0.0000000 1.0000000
vn -0.0000000 -0.0000000 1.0000000
vn -0.0000000 -0.0000000 1.0000000
vn -0.0000000 -0.0000000 1.0000000
vn -0.0000000 -0.0000000 1.0000000
vn -0.0000000 -0.0000000 1.0000000
vn -0.0000000 -0.0000000 1.0000000
vn -0.0000000 -0.0000000 1.0000000
vn -0.0000000 -0.0000000 1.0000000
vn -0.0000000 -0.0000000 1.0000000
vn -0.0000000 -0.0000000 1.0000000
vn -0.0000000 -0.0000000 1.0000000
vn -0.0000000 -0.0000000 1.0000000
vn -0.0000000 -0.0000000 1.0000000
vn -0.0000000 -0.0000000 1.0000000
vn -0.0000000 -0.0000000 1.0000000
vn -0.0000000 -0.0000000 1.0000000
vn -0.0000000 -0.0000000 1.0000000
vn -0.0000000 -0.0000000 1.0000000
vn -0.0000000 -0.0000000 1.0000000
vn -0.0000000 -0.0000000 1.0000000
vn -0.0000000 -0.0000000 1.0000000
vn -0.0000000 -0.0000000 1.0000000
vn -0.0000000 -0.0000000 1.0000000
vn -0.0000000 -0.0000000 1.0000000
vn -0.0000000 -0.0000000 1.0000000
vn -0.0000000 -0.0000000 1.0000000
vn -0.0000000 -0.0000000 1.0000000
vn -0.0000000 -0.0000000 1.0000000
vn -0.0000000 -0.0000000 1.0000000
vn -0.0000000 -0.0000000 1.0000000
vn -0.0000000 -0.0000000 1.0000000
vn -0.0000000 -0.0000000 1.0000000
vn -0.0000000 -0.0000000 1.0000000
vn -0.0000000 -0.0000000 1.0000000
vn -0.0000000 -0.0000000 1.0000000
vn -0.0000000 -0.0000000 1.0000000
vn -0.0000000 -0.0000000 1.0000000
vn -0.0000000 -0.0000000 1.0000000
vn -0.0000000 -0.0000000 1.0000000
vn -0.0000000 -0.0000000 1.0000000
vn -0.0000000 -0.0000000 1.0000000
vn -0.0000000 -0.0000000 1.0000000
vn -0.0000000 -0.0000000 1.0000000
vn -0.0000000 -0.0000000 1.0000000
vn -0.0000000 -0.0000000 1.0000000
vn -0.0000000 -0.0000000 1.0000000
vn -0.0000000 -0.0000000 1.0000000
vn -0.0000000 -0.0000000 1.0000000
vn -0.0000000 -0.0000000 1.0000000
vn -0.0000000 -0.0000000 1.0000000
vn -0.0000000 -0.0000000 1.0000000
vn -0.0000000 -0.0000000 1.0000000
vn -0.0000000 -0.0000000 1.0000000
g grass_small_patches_island_01
f 1/1/1 2/2/2 9/9/9
f 1/1/1 9/9/9 8/8/8
f 2/2/2 3/3/3 10/10/10
f 2/2/2 10/10/10 9/9/9
f 3/3/3 4/4/4 11/11/11
f 3/3/3 11/11/11 10/10/10
f 4/4/4 5/5/5 12/12/12
f 4/4/4 12/12/12 11/11/11
f 6/6/6 7/7/7 16/16/16
f 6/6/6 16/16/16 15/15/15
f 7/7/7 8/8/8 17/17/17
f 7/7/7 17/17/17 16/16/16
f 8/8/8 9/9/9 18/18/18
f 8/8/8 18/18/18 17/17/17
f 9/9/9 10/10/10 19/19/19
f 9/9/9 19/19/19 18/18/18
f 10/10/10 11/11/11 20/20/20
f 10/10/10 20/20/20 19/19/19
f 11/11/11 12/12/12 21/21/21
f 11/11/11 21/21/21 20/20/20
f 12/12/12 13/13/13 22/22/22
f 12/12/12 22/22/22 21/21/21
f 14/14/14 15/15/15 25/25/25
f 14/14/14 25/25/25 24/24/24
f 15/15/15 16/16/16 26/26/26
f 15/15/15 26/26/26 25/25/25
f 16/16/16 17/17/17 27/27/27
f 16/16/16 27/27/27 26/26/26
f 17/17/17 18/18/18 28/28/28
f 17/17/17 28/28/28 27/27/27
f 18/18/18 19/19/19 29/29/29
f 18/18/18 29/29/29 28/28/28
f 19/19/19 20/20/20 30/30/30
f 19/19/19 30/30/30 29/29/29
f 20/20/20 21/21/21 31/31/31
f 20/20/20 31/31/31 30/30/30
f 21/21/21 22/22/22 32/32/32
f 21/21/21 32/32/32 31/31/31
f 22/22/22 23/23/23 33/33/33
f 22/22/22 33/33/33 32/32/32
f 24/24/24 25/25/25 36/36/36
f 24/24/24 36/36/36 35/35/35
f 25/25/25 26/26/26 37/37/37
f 25/25/25 37/37/37 36/36/36
f 26/26/26 27/27/27 38/38/38
f 26/26/26 38/38/38 37/37/37
f 27/27/27 28/28/28 39/39/39
f 27/27/27 39/39/39 38/38/38
f 28/28/28 29/29/29 40/40/40
f 28/28/28 40/40/40 39/39/39
f 29/29/29 30/30/30 41/41/41
f 29/29/29 41/41/41 40/40/40
f 30/30/30 31/31/31 42/42/42
f 30/30/30 42/42/42 41/41/41
f 31/31/31 32/32/32 43/43/43
f 31/31/31 43/43/43 42/42/42
f 32/32/32 33/33/33 44/44/44
f 32/32/32 44/44/44 43/43/43
f 33/33/33 34/34/34 45/45/45
f 33/33/33 45/45/45 44/44/44
f 35/35/35 36/36/36 47/47/47
f 35/35/35 47/47/47 46/46/46
f 36/36/36 37/37/37 48/48/48
f 36/36/36 48/48/48 47/47/47
f 37/37/37 38/38/38 49/49/49
f 37/37/37 49/49/49 48/48/48
f 38/38/38 39/39/39 50/50/50
f 38/38/38 50/50/50 49/49/49
f 39/39/39 40/40/40 51/51/51
f 39/39/39 51/51/51 50/50/50
f 40/40/40 41/41/41 52/52/52
f 40/40/40 52/52/52 51/51/51
f 41/41/41 42/42/42 53/53/53
f 41/41/41 53/53/53 52/52/52
f 42/42/42 43/43/43 54/54/54
f 42/42/42 54/54/54 53/53/53
f 43/43/43 44/44/44 55/55/55
f 43/43/43 55/55/55 54/54/54
f 44/44/44 45/45/45 56/56/56
f 44/44/44 56/56/56 55/55/55
f 46/46/46 47/47/47 58/58/58
f 46/46/46 58/58/58 57/57/57
f 47/47/47 48/48/48 59/59/59
f 47/47/47 59/59/59 58/58/58
f 48/48/48 49/49/49 60/60/60
f 48/48/48 60/60/60 59/59/59
f 49/49/49 50/50/50 61/61/61
f 49/49/49 61/61/61 60/60/60
f 50/50/50 51/51/51 62/62/62
f 50/50/50 62/62/62 61/61/61
f 51/51/51 52/52/52 63/63/63
f 51/51/51 63/63/63 62/62/62
f 52/52/52 53/53/53 64/64/64
f 52/52/52 64/64/64 63/63/63
f 53/53/53 54/54/54 65/65/65
f 53/53/53 65/65/65 64/64/64
f 54/54/54 55/55/55 66/66/66
f 54/54/54 66/66/66 65/65/65
f 55/55/55 56/56/56 67/67/67
f 55/55/55 67/67/67 66/66/66
f 57/57/57 58/58/58 69/69/69
f 57/57/57 69/69/69 68/68/68
f 58/58/58 59/59/59 70/70/70
f 58/58/58 70/70/70 69/69/69
f 59/59/59 60/60/60 71/71/71
f 59/59/59 71/71/71 70/70/70
f 60/60/60 61/61/61 72/72/72
f 60/60/60 72/72/72 71/71/71
f 61/61/61 62/62/62 73/73/73
f 61/61/61 73/73/73 72/72/72
f 62/62/62 63/63/63 74/74/74
f 62/62/62 74/74/74 73/73/73
f 63/63/63 64/64/64 75/75/75
f 63/63/63 75/75/75 74/74/74
f 64/64/64 65/65/65 76/76/76
f 64/64/64 76/76/76 75/75/75
f 65/65/65 66/66/66 77/77/77
f 65/65/65 77/77/77 76/76/76
f 69/69/69 70/70/70 79/79/79
f 69/69/69 79/79/79 78/78/78
f 70/70/70 71/71/71 80/80/80
f 70/70/70 80/80/80 79/79/79
f 71/71/71 72/72/72 81/81/81
f 71/71/71 81/81/81 80/80/80
f 72/72/72 73/73/73 82/82/82
f 72/72/72 82/82/82 81/81/81
f 73/73/73 74/74/74 83/83/83
f 73/73/73 83/83/83 82/82/82
f 74/74/74 75/75/75 84/84/84
f 74/74/74 84/84/84 83/83/83
f 75/75/75 76/76/76 85/85/85
f 75/75/75 85/85/85 84/84/84
f 76/76/76 77/77/77 86/86/86
f 76/76/76 86/86/86 85/85/85
f 78/78/78 79/79/79 88/88/88
f 78/78/78 88/88/88 87/87/87
f 79/79/79 80/80/80 89/89/89
f 79/79/79 89/89/89 88/88/88
f 80/80/80 81/81/81 90/90/90
f 80/80/80 90/90/90 89/89/89
f 81/81/81 82/82/82 91/91/91
f 81/81/81 91/91/91 90/90/90
f 82/82/82 83/83/83 92/92/92
f 82/82/82 92/92/92 91/91/91
f 83/83/83 84/84/84 93/93/93
f 83/83/83 93/93/93 92/92/92
f 84/84/84 85/85/85 94/94/94
f 84/84/84 94/94/94 93/93/93
f 85/85/85 86/86/86 95/95/95
f 85/85/85 95/95/95 94/94/94
f 90/90/90 91/91/91 97/97/97
f 90/90/90 97/97/97 96/96/96
f 91/91/91 92/92/92 98/98/98
f 91/91/91 98/98/98 97/97/97
f 92/92/92 93/93/93 99/99/99
f 92/92/92 99/99/99 98/98/98
f 93/93/93 94/94/94 100/100/100
f 93/93/93 100/100/100 99/99/99
g grass_small_patches_island_02
f 101/101/101 102/102/102 109/109/109
f 101/101/101 109/109/109 108/108/108
f 102/102/102 103/103/103 110/110/110
f 102/102/102 110/110/110 109/109/109
f 103/103/103 104/104/104 111/111/111
f 103/103/103 111/111/111 110/110/110
f 104/104/104 105/105/105 112/112/112
f 104/104/104 112/112/112 111/111/111
f 106/106/106 107/107/107 116/116/116
f 106/106/106 116/116/116 115/115/115
f 107/107/107 108/108/108 117/117/117
f 107/107/107 117/117/117 116/116/116
f 108/108/108 109/109/109 118/118/118
f 108/108/108 118/118/118 117/117/117
f 109/109/109 110/110/110 119/119/119
f 109/109/109 119/119/119 118/118/118
f 110/110/110 111/111/111 120/120/120
f 110/110/110 120/120/120 119/119/119
f 111/111/111 112/112/112 121/121/121
f 111/111/111 121/121/121 120/120/120
f 112/112/112 113/113/113 122/122/122
f 112/112/112 122/122/122 121/121/121
f 114/114/114 115/115/115 125/125/125
f 114/114/114 125/125/125 124/124/124
f 115/115/115 116/116/116 126/126/126
f 115/115/115 126/126/126 125/125/125
f 116/116/116 117/117/117 127/127/127
f 116/116/116 127/127/127 126/126/126
f 117/117/117 118/118/118 128/128/128
f 117/117/117 128/128/128 127/127/127
f 118/118/118 119/119/119 129/129/129
f 118/118/118 129/129/129 128/128/128
f 119/119/119 120/120/120 130/130/130
f 119/119/119 130/130/130 129/129/129
f 120/120/120 121/121/121 131/131/131
f 120/120/120 131/131/131 130/130/130
f 121/121/121 122/122/122 132/132/132
f 121/121/121 132/132/132 131/131/131
f 122/122/122 123/123/123 133/133/133
f 122/122/122 133/133/133 132/132/132
f 124/124/124 125/125/125 136/136/136
f 124/124/124 136/136/136 135/135/135
f 125/125/125 126/126/126 137/137/137
f 125/125/125 137/137/137 136/136/136
f 126/126/126 127/127/127 138/138/138
f 126/126/126 138/138/138 137/137/137
f 127/127/127 128/128/128 139/139/139
f 127/127/127 139/139/139 138/138/138
f 128/128/128 129/129/129 140/140/140
f 128/128/128 140/140/140 139/139/139
f 129/129/129 130/130/130 141/141/141
f 129/129/129 141/141/141 140/140/140
f 130/130/130 131/131/131 142/142/142
f 130/130/130 142/142/142 141/141/141
f 131/131/131 132/132/132 143/143/143
f 131/131/131 143/143/143 142/142/142
f 132/132/132 133/133/133 144/144/144
f 132/132/132 144/144/144 143/143/143
f 133/133/133 134/134/134 145/145/145
f 133/133/133 145/145/145 144/144/144
f 135/135/135 136/136/136 147/147/147
f 135/135/135 147/147/147 146/146/146
f 136/136/136 137/137/137 148/148/148
f 136/136/136 148/148/148 147/147/147
f 137/137/137 138/138/138 149/149/149
f 137/137/137 149/149/149 148/148/148
f 138/138/138 139/139/139 150/150/150
f 138/138/138 150/150/150 149/149/149
f 139/139/139 140/140/140 151/151/151
f 139/139/139 151/151/151 150/150/150
f 140/140/140 141/141/141 152/152/152
f 140/140/140 152/152/152 151/151/151
f 141/141/141 142/142/142 153/153/153
f 141/141/141 153/153/153 152/152/152
f 142/142/142 143/143/143 154/154/154
f 142/142/142 154/154/154 153/153/153
f 143/143/143 144/144/144 155/155/155
f 143/143/143 155/155/155 154/154/154
f 144/144/144 145/145/145 156/156/156
f 144/144/144 156/156/156 155/155/155
f 146/146/146 147/147/147 158/158/158
f 146/146/146 158/158/158 157/157/157
f 147/147/147 148/148/148 159/159/159
f 147/147/147 159/159/159 158/158/158
f 148/148/148 149/149/149 160/160/160
f 148/148/148 160/160/160 159/159/159
f 149/149/149 150/150/150 161/161/161
f 149/149/149 161/161/161 160/160/160
f 150/150/150 151/151/151 162/162/162
f 150/150/150 162/162/162 161/161/161
f 151/151/151 152/152/152 163/163/163
f 151/151/151 163/163/163 162/162/162
f 152/152/152 153/153/153 164/164/164
f 152/152/152 164/164/164 163/163/163
f 153/153/153 154/154/154 165/165/165
f 153/153/153 165/165/165 164/164/164
f 154/154/154 155/155/155 166/166/166
f 154/154/154 166/166/166 165/165/165
f 155/155/155 156/156/156 167/167/167
f 155/155/155 167/167/167 166/166/166
f 157/157/157 158/158/158 169/169/169
f 157/157/157 169/169/169 168/168/168
f 158/158/158 159/159/159 170/170/170
f 158/158/158 170/170/170 169/169/169
f 159/159/159 160/160/160 171/171/171
f 159/159/159 171/171/171 170/170/170
f 160/160/160 161/161/161 172/172/172
f 160/160/160 172/172/172 171/171/171
f 161/161/161 162/162/162 173/173/173
f 161/161/161 173/173/173 172/172/172
f 162/162/162 163/163/163 174/174/174
f 162/162/162 174/174/174 173/173/173
f 163/163/163 164/164/164 175/175/175
f 163/163/163 175/175/175 174/174/174
f 164/164/164 165/165/165 176/176/176
f 164/164/164 176/176/176 175/175/175
f 165/165/165 166/166/166 177/177/177
f 165/165/165 177/177/177 176/176/176
f 166/166/166 167/167/167 178/178/178
f 166/166/166 178/178/178 177/177/177
f 168/168/168 169/169/169 180/180/180
f 168/168/168 180/180/180 179/179/179
f 169/169/169 170/170/170 181/181/181
f 169/169/169 181/181/181 180/180/180
f 170/170/170 171/171/171 182/182/182
f 170/170/170 182/182/182 181/181/181
f 171/171/171 172/172/172 183/183/183
f 171/171/171 183/183/183 182/182/182
f 172/172/172 173/173/173 184/184/184
f 172/172/172 184/184/184 183/183/183
f 173/173/173 174/174/174 185/185/185
f 173/173/173 185/185/185 184/184/184
f 174/174/174 175/175/175 186/186/186
f 174/174/174 186/186/186 185/185/185
f 175/175/175 176/176/176 187/187/187
f 175/175/175 187/187/187 186/186/186
f 176/176/176 177/177/177 188/188/188
f 176/176/176 188/188/188 187/187/187
f 177/177/177 178/178/178 189/189/189
f 177/177/177 189/189/189 188/188/188
f 179/179/179 180/180/180 191/191/191
f 179/179/179 191/191/191 190/190/190
f 180/180/180 181/181/181 192/192/192
f 180/180/180 192/192/192 191/191/191
f 181/181/181 182/182/182 193/193/193
f 181/181/181 193/193/193 192/192/192
f 182/182/182 183/183/183 194/194/194
f 182/182/182 194/194/194 193/193/193
f 183/183/183 184/184/184 195/195/195
f 183/183/183 195/195/195 194/194/194
f 184/184/184 185/185/185 196/196/196
f 184/184/184 196/196/196 195/195/195
f 185/185/185 186/186/186 197/197/197
f 185/185/185 197/197/197 196/196/196
f 186/186/186 187/187/187 198/198/198
f 186/186/186 198/198/198 197/197/197
f 187/187/187 188/188/188 199/199/199
f 187/187/187 199/199/199 198/198/198
f 190/190/190 191/191/191 201/201/201
f 190/190/190 201/201/201 200/200/200
f 191/191/191 192/192/192 202/202/202
f 191/191/191 202/202/202 201/201/201
f 192/192/192 193/193/193 203/203/203
f 192/192/192 203/203/203 202/202/202
f 193/193/193 194/194/194 204/204/204
f 193/193/193 204/204/204 203/203/203
f 194/194/194 195/195/195 205/205/205
f 194/194/194 205/205/205 204/204/204
f 195/195/195 196/196/196 206/206/206
f 195/195/195 206/206/206 205/205/205
f 196/196/196 197/197/197 207/207/207
f 196/196/196 207/207/207 206/206/206
f 197/197/197 198/198/198 208/208/208
f 197/197/197 208/208/208 207/207/207
f 198/198/198 199/199/199 209/209/209
f 198/198/198 209/209/209 208/208/208
f 203/203/203 204/204/204 211/211/211
f 203/203/203 211/211/211 210/210/210
f 204/204/204 205/205/205 212/212/212
f 204/204/204 212/212/212 211/211/211
f 205/205/205 206/206/206 213/213/213
f 205/205/205 213/213/213 212/212/212
f 206/206/206 207/207/207 214/214/214
f 206/206/206 214/214/214 213/213/213
f 207/207/207 208/208/208 215/215/215
f 207/207/207 215/215/215 214/214/214
g grass_small_patches_island_03
f 216/216/216 217/217/217 223/223/223
f 216/216/216 223/223/223 222/222/222
f 217/217/217 218/218/218 224/224/224
f 217/217/217 224/224/224 223/223/223
f 218/218/218 219/219/219 225/225/225
f 218/218/218 225/225/225 224/224/224
f 219/219/219 220/220/220 226/226/226
f 219/219/219 226/226/226 225/225/225
f 221/221/221 222/222/222 230/230/230
f 221/221/221 230/230/230 229/229/229
f 222/222/222 223/223/223 231/231/231
f 222/222/222 231/231/231 230/230/230
f 223/223/223 224/224/224 232/232/232
f 223/223/223 232/232/232 231/231/231
f 224/224/224 225/225/225 233/233/233
f 224/224/224 233/233/233 232/232/232
f 225/225/225 226/226/226 234/234/234
f 225/225/225 234/234/234 233/233/233
f 227/227/227 228/228/228 237/237/237
f 227/227/227 237/237/237 236/236/236
f 228/228/228 229/229/229 238/238/238
f 228/228/228 238/238/238 237/237/237
f 229/229/229 230/230/230 239/239/239
f 229/229/229 239/239/239 238/238/238
f 230/230/230 231/231/231 240/240/240
f 230/230/230 240/240/240 239/239/239
f 231/231/231 232/232/232 241/241/241
f 231/231/231 241/241/241 240/240/240
f 232/232/232 233/233/233 242/242/242
f 232/232/232 242/242/242 241/241/241
f 233/233/233 234/234/234 243/243/243
f 233/233/233 243/243/243 242/242/242
f 234/234/234 235/235/235 244/244/244
f 234/234/234 244/244/244 243/243/243
f 236/236/236 237/237/237 248/248/248
f 236/236/236 248/248/248 247/247/247
f 237/237/237 238/238/238 249/249/249
f 237/237/237 249/249/249 248/248/248
f 238/238/238 239/239/239 250/250/250
f 238/238/238 250/250/250 249/249/249
f 239/239/239 240/240/240 251/251/251
f 239/239/239 251/251/251 250/250/250
f 240/240/240 241/241/241 252/252/252
f 240/240/240 252/252/252 251/251/251
f 241/241/241 242/242/242 253/253/253
f 241/241/241 253/253/253 252/252/252
f 242/242/242 243/243/243 254/254/254
f 242/242/242 254/254/254 253/253/253
f 243/243/243 244/244/244 255/255/255
f 243/243/243 255/255/255 254/254/254
f 244/244/244 245/245/245 256/256/256
f 244/244/244 256/256/256 255/255/255
f 245/245/245 246/246/246 257/257/257
f 245/245/245 257/257/257 256/256/256
f 247/247/247 248/248/248 259/259/259
f 247/247/247 259/259/259 258/258/258
f 248/248/248 249/249/249 260/260/260
f 248/248/248 260/260/260 259/259/259
f 249/249/249 250/250/250 261/261/261
f 249/249/249 261/261/261 260/260/260
f 250/250/250 251/251/251 262/262/262
f 250/250/250 262/262/262 261/261/261
f 251/251/251 252/252/252 263/263/263
f 251/251/251 263/263/263 262/262/262
f 252/252/252 253/253/253 264/264/264
f 252/252/252 264/264/264 263/263/263
f 253/253/253 254/254/254 265/265/265
f 253/253/253 265/265/265 264/264/264
f 254/254/254 255/255/255 266/266/266
f 254/254/254 266/266/266 265/265/265
f 255/255/255 256/256/256 267/267/267
f 255/255/255 267/267/267 266/266/266
f 256/256/256 257/257/257 268/268/268
f 256/256/256 268/268/268 267/267/267
f 258/258/258 259/259/259 270/270/270
f 258/258/258 270/270/270 269/269/269
f 259/259/259 260/260/260 271/271/271
f 259/259/259 271/271/271 270/270/270
f 260/260/260 261/261/261 272/272/272
f 260/260/260 272/272/272 271/271/271
f 261/261/261 262/262/262 273/273/273
f 261/261/261 273/273/273 272/272/272
f 262/262/262 263/263/263 274/274/274
f 262/262/262 274/274/274 273/273/273
f 263/263/263 264/264/264 275/275/275
f 263/263/263 275/275/275 274/274/274
f 264/264/264 265/265/265 276/276/276
f 264/264/264 276/276/276 275/275/275
f 265/265/265 266/266/266 277/277/277
f 265/265/265 277/277/277 276/276/276
f 266/266/266 267/267/267 278/278/278
f 266/266/266 278/278/278 277/277/277
f 267/267/267 268/268/268 279/279/279
f 267/267/267 279/279/279 278/278/278
f 269/269/269 270/270/270 281/281/281
f 269/269/269 281/281/281 280/280/280
f 270/270/270 271/271/271 282/282/282
f 270/270/270 282/282/282 281/281/281
f 271/271/271 272/272/272 283/283/283
f 271/271/271 283/283/283 282/282/282
f 272/272/272 273/273/273 284/284/284
f 272/272/272 284/284/284 283/283/283
f 273/273/273 274/274/274 285/285/285
f 273/273/273 285/285/285 284/284/284
f 274/274/274 275/275/275 286/286/286
f 274/274/274 286/286/286 285/285/285
f 275/275/275 276/276/276 287/287/287
f 275/275/275 287/287/287 286/286/286
f 276/276/276 277/277/277 288/288/288
f 276/276/276 288/288/288 287/287/287
f 277/277/277 278/278/278 289/289/289
f 277/277/277 289/289/289 288/288/288
f 278/278/278 279/279/279 290/290/290
f 278/278/278 290/290/290 289/289/289
f 280/280/280 281/281/281 292/292/292
f 280/280/280 292/292/292 291/291/291
f 281/281/281 282/282/282 293/293/293
f 281/281/281 293/293/293 292/292/292
f 282/282/282 283/283/283 294/294/294
f 282/282/282 294/294/294 293/293/293
f 283/283/283 284/284/284 295/295/295
f 283/283/283 295/295/295 294/294/294
f 284/284/284 285/285/285 296/296/296
f 284/284/284 296/296/296 295/295/295
f 285/285/285 286/286/286 297/297/297
f 285/285/285 297/297/297 296/296/296
f 286/286/286 287/287/287 298/298/298
f 286/286/286 298/298/298 297/297/297
f 287/287/287 288/288/288 299/299/299
f 287/287/287 299/299/299 298/298/298
f 288/288/288 289/289/289 300/300/300
f 288/288/288 300/300/300 299/299/299
f 289/289/289 290/290/290 301/301/301
f 289/289/289 301/301/301 300/300/300
f 291/291/291 292/292/292 303/303/303
f 291/291/291 303/303/303 302/302/302
f 292/292/292 293/293/293 304/304/304
f 292/292/292 304/304/304 303/303/303
f 293/293/293 294/294/294 305/305/305
f 293/293/293 305/305/305 304/304/304
f 294/294/294 295/295/295 306/306/306
f 294/294/294 306/306/306 305/305/305
f 295/295/295 296/296/296 307/307/307
f 295/295/295 307/307/307 306/306/306
f 296/296/296 297/297/297 308/308/308
f 296/296/296 308/308/308 307/307/307
f 297/297/297 298/298/298 309/309/309
f 297/297/297 309/309/309 308/308/308
f 298/298/298 299/299/299 310/310/310
f 298/298/298 310/310/310 309/309/309
f 299/299/299 300/300/300 311/311/311
f 299/299/299 311/311/311 310/310/310
f 303/303/303 304/304/304 313/313/313
f 303/303/303 313/313/313 312/312/312
f 304/304/304 305/305/305 314/314/314
f 304/304/304 314/314/314 313/313/313
f 305/305/305 306/306/306 315/315/315
f 305/305/305 315/315/315 314/314/314
f 306/306/306 307/307/307 316/316/316
f 306/306/306 316/316/316 315/315/315
f 307/307/307 308/308/308 317/317/317
f 307/307/307 317/317/317 316/316/316
f 308/308/308 309/309/309 318/318/318
f 308/308/308 318/318/318 317/317/317
f 309/309/309 310/310/310 319/319/319
f 309/309/309 319/319/319 318/318/318
f 310/310/310 311/311/311 320/320/320
f 310/310/310 320/320/320 319/319/319
f 312/312/312 313/313/313 322/322/322
f 312/312/312 322/322/322 321/321/321
f 313/313/313 314/314/314 323/323/323
f 313/313/313 323/323/323 322/322/322
f 314/314/314 315/315/315 324/324/324
f 314/314/314 324/324/324 323/323/323
f 315/315/315 316/316/316 325/325/325
f 315/315/315 325/325/325 324/324/324
f 316/316/316 317/317/317 326/326/326
f 316/316/316 326/326/326 325/325/325
f 317/317/317 318/318/318 327/327/327
f 317/317/317 327/327/327 326/326/326
f 318/318/318 319/319/319 328/328/328
f 318/318/318 328/328/328 327/327/327
f 319/319/319 320/320/320 329/329/329
f 319/319/319 329/329/329 328/328/328
f 322/322/322 323/323/323 331/331/331
f 322/322/322 331/331/331 330/330/330
f 323/323/323 324/324/324 332/332/332
f 323/323/323 332/332/332 331/331/331
f 324/324/324 325/325/325 333/333/333
f 324/324/324 333/333/333 332/332/332
f 325/325/325 326/326/326 334/334/334
f 325/325/325 334/334/334 333/333/333
f 326/326/326 327/327/327 335/335/335
f 326/326/326 335/335/335 334/334/334
f 327/327/327 328/328/328 336/336/336
f 327/327/327 336/336/336 335/335/335
g grass_small_patches_island_04
f 337/337/337 338/338/338 346/346/346
f 337/337/337 346/346/346 345/345/345
f 338/338/338 339/339/339 347/347/347
f 338/338/338 347/347/347 346/346/346
f 339/339/339 340/340/340 348/348/348
f 339/339/339 348/348/348 347/347/347
f 340/340/340 341/341/341 349/349/349
f 340/340/340 349/349/349 348/348/348
f 341/341/341 342/342/342 350/350/350
f 341/341/341 350/350/350 349/349/349
f 342/342/342 343/343/343 351/351/351
f 342/342/342 351/351/351 350/350/350
f 344/344/344 345/345/345 356/356/356
f 344/344/344 356/356/356 355/355/355
f 345/345/345 346/346/346 357/357/357
f 345/345/345 357/357/357 356/356/356
f 346/346/346 347/347/347 358/358/358
f 346/346/346 358/358/358 357/357/357
f 347/347/347 348/348/348 359/359/359
f 347/347/347 359/359/359 358/358/358
f 348/348/348 349/349/349 360/360/360
f 348/348/348 360/360/360 359/359/359
f 349/349/349 350/350/350 361/361/361
f 349/349/349 361/361/361 360/360/360
f 350/350/350 351/351/351 362/362/362
f 350/350/350 362/362/362 361/361/361
f 351/351/351 352/352/352 363/363/363
f 351/351/351 363/363/363 362/362/362
f 353/353/353 354/354/354 367/367/367
f 353/353/353 367/367/367 366/366/366
f 354/354/354 355/355/355 368/368/368
f 354/354/354 368/368/368 367/367/367
f 355/355/355 356/356/356 369/369/369
f 355/355/355 369/369/369 368/368/368
f 356/356/356 357/357/357 370/370/370
f 356/356/356 370/370/370 369/369/369
f 357/357/357 358/358/358 371/371/371
f 357/357/357 371/371/371 370/370/370
f 358/358/358 359/359/359 372/372/372
f 358/358/358 372/372/372 371/371/371
f 359/359/359 360/360/360 373/373/373
f 359/359/359 373/373/373 372/372/372
f 360/360/360 361/361/361 374/374/374
f 360/360/360 374/374/374 373/373/373
f 361/361/361 362/362/362 375/375/375
f 361/361/361 375/375/375 374/374/374
f 362/362/362 363/363/363 376/376/376
f 362/362/362 376/376/376 375/375/375
f 363/363/363 364/364/364 377/377/377
f 363/363/363 377/377/377 376/376/376
f 364/364/364 365/365/365 378/378/378
f 364/364/364 378/378/378 377/377/377
f 366/366/366 367/367/367 381/381/381
f 366/366/366 381/381/381 380/380/380
f 367/367/367 368/368/368 382/382/382
f 367/367/367 382/382/382 381/381/381
f 368/368/368 369/369/369 383/383/383
f 368/368/368 383/383/383 382/382/382
f 369/369/369 370/370/370 384/384/384
f 369/369/369 384/384/384 383/383/383
f 370/370/370 371/371/371 385/385/385
f 370/370/370 385/385/385 384/384/384
f 371/371/371 372/372/372 386/386/386
f 371/371/371 386/386/386 385/385/385
f 372/372/372 373/373/373 387/387/387
f 372/372/372 387/387/387 386/386/386
f 373/373/373 374/374/374 388/388/388
f 373/373/373 388/388/388 387/387/387
f 374/374/374 375/375/375 389/389/389
f 374/374/374 389/389/389 388/388/388
f 375/375/375 376/376/376 390/390/390
f 375/375/375 390/390/390 389/389/389
f 376/376/376 377/377/377 391/391/391
f 376/376/376 391/391/391 390/390/390
f 377/377/377 378/378/378 392/392/392
f 377/377/377 392/392/392 391/391/391
f 378/378/378 379/379/379 393/393/393
f 378/378/378 393/393/393 392/392/392
f 380/380/380 381/381/381 395/395/395
f 380/380/380 395/395/395 394/394/394
f 381/381/381 382/382/382 396/396/396
f 381/381/381 396/396/396 395/395/395
f 382/382/382 383/383/383 397/397/397
f 382/382/382 397/397/397 396/396/396
f 383/383/383 384/384/384 398/398/398
f 383/383/383 398/398/398 397/397/397
f 384/384/384 385/385/385 399/399/399
f 384/384/384 399/399/399 398/398/398
f 385/385/385 386/386/386 400/400/400
f 385/385/385 400/400/400 399/399/399
f 386/386/386 387/387/387 401/401/401
f 386/386/386 401/401/401 400/400/400
f 387/387/387 388/388/388 402/402/402
f 387/387/387 402/402/402 401/401/401
f 388/388/388 389/389/389 403/403/403
f 388/388/388 403/403/403 402/402/402
f 389/389/389 390/390/390 404/404/404
f 389/389/389 404/404/404 403/403/403
f 390/390/390 391/391/391 405/405/405
f 390/390/390 405/405/405 404/404/404
f 391/391/391 392/392/392 406/406/406
f 391/391/391 406/406/406 405/405/405
f 392/392/392 393/393/393 407/407/407
f 392/392/392 407/407/407 406/406/406
f 394/394/394 395/395/395 409/409/409
f 394/394/394 409/409/409 408/408/408
f 395/395/395 396/396/396 410/410/410
f 395/395/395 410/410/410 409/409/409
f 396/396/396 397/397/397 411/411/411
f 396/396/396 411/411/411 410/410/410
f 397/397/397 398/398/398 412/412/412
f 397/397/397 412/412/412 411/411/411
f 398/398/398 399/399/399 413/413/413
f 398/398/398 413/413/413 412/412/412
f 399/399/399 400/400/400 414/414/414
f 399/399/399 414/414/414 413/413/413
f 400/400/400 401/401/401 415/415/415
f 400/400/400 415/415/415 414/414/414
f 401/401/401 402/402/402 416/416/416
f 401/401/401 416/416/416 415/415/415
f 402/402/402 403/403/403 417/417/417
f 402/402/402 417/417/417 416/416/416
f 403/403/403 404/404/404 418/418/418
f 403/403/403 418/418/418 417/417/417
f 404/404/404 405/405/405 419/419/419
f 404/404/404 419/419/419 418/418/418
f 405/405/405 406/406/406 420/420/420
f 405/405/405 420/420/420 419/419/419
f 406/406/406 407/407/407 421/421/421
f 406/406/406 421/421/421 420/420/420
f 408/408/408 409/409/409 423/423/423
f 408/408/408 423/423/423 422/422/422
f 409/409/409 410/410/410 424/424/424
f 409/409/409 424/424/424 423/423/423
f 410/410/410 411/411/411 425/425/425
f 410/410/410 425/425/425 424/424/424
f 411/411/411 412/412/412 426/426/426
f 411/411/411 426/426/426 425/425/425
f 412/412/412 413/413/413 427/427/427
f 412/412/412 427/427/427 426/426/426
f 413/413/413 414/414/414 428/428/428
f 413/413/413 428/428/428 427/427/427
f 414/414/414 415/415/415 429/429/429
f 414/414/414 429/429/429 428/428/428
f 415/415/415 416/416/416 430/430/430
f 415/415/415 430/430/430 429/429/429
f 416/416/416 417/417/417 431/431/431
f 416/416/416 431/431/431 430/430/430
f 417/417/417 418/418/418 432/432/432
f 417/417/417 432/432/432 431/431/431
f 418/418/418 419/419/419 433/433/433
f 418/418/418 433/433/433 432/432/432
f 419/419/419 420/420/420 434/434/434
f 419/419/419 434/434/434 433/433/433
f 423/423/423 424/424/424 436/436/436
f 423/423/423 436/436/436 435/435/435
f 424/424/424 425/425/425 437/437/437
f 424/424/424 437/437/437 436/436/436
f 425/425/425 426/426/426 438/438/438
f 425/425/425 438/438/438 437/437/437
f 426/426/426 427/427/427 439/439/439
f 426/426/426 439/439/439 438/438/438
f 427/427/427 428/428/428 440/440/440
f 427/427/427 440/440/440 439/439/439
f 428/428/428 429/429/429 441/441/441
f 428/428/428 441/441/441 440/440/440
f 429/429/429 430/430/430 442/442/442
f 429/429/429 442/442/442 441/441/441
f 430/430/430 431/431/431 443/443/443
f 430/430/430 443/443/443 442/442/442
f 431/431/431 432/432/432 444/444/444
f 431/431/431 444/444/444 443/443/443
f 432/432/432 433/433/433 445/445/445
f 432/432/432 445/445/445 444/444/444
f 435/435/435 436/436/436 447/447/447
f 435/435/435 447/447/447 446/446/446
f 436/436/436 437/437/437 448/448/448
f 436/436/436 448/448/448 447/447/447
f 437/437/437 438/438/438 449/449/449
f 437/437/437 449/449/449 448/448/448
f 438/438/438 439/439/439 450/450/450
f 438/438/438 450/450/450 449/449/449
f 439/439/439 440/440/440 451/451/451
f 439/439/439 451/451/451 450/450/450
f 440/440/440 441/441/441 452/452/452
f 440/440/440 452/452/452 451/451/451
f 441/441/441 442/442/442 453/453/453
f 441/441/441 453/453/453 452/452/452
f 442/442/442 443/443/443 454/454/454
f 442/442/442 454/454/454 453/453/453
f 443/443/443 444/444/444 455/455/455
f 443/443/443 455/455/455 454/454/454
f 444/444/444 445/445/445 456/456/456
f 444/444/444 456/456/456 455/455/455
f 446/446/446 447/447/447 458/458/458
f 446/446/446 458/458/458 457/457/457
f 447/447/447 448/448/448 459/459/459
f 447/447/447 459/459/459 458/458/458
f 448/448/448 449/449/449 460/460/460
f 448/448/448 460/460/460 459/459/459
f 449/449/449 450/450/450 461/461/461
f 449/449/449 461/461/461 460/460/460
f 450/450/450 451/451/451 462/462/462
f 450/450/450 462/462/462 461/461/461
f 451/451/451 452/452/452 463/463/463
f 451/451/451 463/463/463 462/462/462
f 452/452/452 453/453/453 464/464/464
f 452/452/452 464/464/464 463/463/463
f 453/453/453 454/454/454 465/465/465
f 453/453/453 465/465/465 464/464/464
f 454/454/454 455/455/455 466/466/466
f 454/454/454 466/466/466 465/465/465
f 455/455/455 456/456/456 467/467/467
f 455/455/455 467/467/467 466/466/466
g grass_small_patches_island_05
f 468/468/468 469/469/469 473/473/473
f 468/468/468 473/473/473 472/472/472
f 469/469/469 470/470/470 474/474/474
f 469/469/469 474/474/474 473/473/473
f 471/471/471 472/472/472 479/479/479
f 471/471/471 479/479/479 478/478/478
f 472/472/472 473/473/473 480/480/480
f 472/472/472 480/480/480 479/479/479
f 473/473/473 474/474/474 481/481/481
f 473/473/473 481/481/481 480/480/480
f 474/474/474 475/475/475 482/482/482
f 474/474/474 482/482/482 481/481/481
f 476/476/476 477/477/477 486/486/486
f 476/476/476 486/486/486 485/485/485
f 477/477/477 478/478/478 487/487/487
f 477/477/477 487/487/487 486/486/486
f 478/478/478 479/479/479 488/488/488
f 478/478/478 488/488/488 487/487/487
f 479/479/479 480/480/480 489/489/489
f 479/479/479 489/489/489 488/488/488
f 480/480/480 481/481/481 490/490/490
f 480/480/480 490/490/490 489/489/489
f 481/481/481 482/482/482 491/491/491
f 481/481/481 491/491/491 490/490/490
f 482/482/482 483/483/483 492/492/492
f 482/482/482 492/492/492 491/491/491
f 483/483/483 484/484/484 493/493/493
f 483/483/483 493/493/493 492/492/492
f 485/485/485 486/486/486 495/495/495
f 485/485/485 495/495/495 494/494/494
f 486/486/486 487/487/487 496/496/496
f 486/486/486 496/496/496 495/495/495
f 487/487/487 488/488/488 497/497/497
f 487/487/487 497/497/497 496/496/496
f 488/488/488 489/489/489 498/498/498
f 488/488/488 498/498/498 497/497/497
f 489/489/489 490/490/490 499/499/499
f 489/489/489 499/499/499 498/498/498
f 490/490/490 491/491/491 500/500/500
f 490/490/490 500/500/500 499/499/499
f 491/491/491 492/492/492 501/501/501
f 491/491/491 501/501/501 500/500/500
f 492/492/492 493/493/493 502/502/502
f 492/492/492 502/502/502 501/501/501
f 494/494/494 495/495/495 504/504/504
f 494/494/494 504/504/504 503/503/503
f 495/495/495 496/496/496 505/505/505
f 495/495/495 505/505/505 504/504/504
f 496/496/496 497/497/497 506/506/506
f 496/496/496 506/506/506 505/505/505
f 497/497/497 498/498/498 507/507/507
f 497/497/497 507/507/507 506/506/506
f 498/498/498 499/499/499 508/508/508
f 498/498/498 508/508/508 507/507/507
f 499/499/499 500/500/500 509/509/509
f 499/499/499 509/509/509 508/508/508
f 500/500/500 501/501/501 510/510/510
f 500/500/500 510/510/510 509/509/509
f 501/501/501 502/502/502 511/511/511
f 501/501/501 511/511/511 510/510/510
f 504/504/504 505/505/505 513/513/513
f 504/504/504 513/513/513 512/512/512
f 505/505/505 506/506/506 514/514/514
f 505/505/505 514/514/514 513/513/513
f 506/506/506 507/507/507 515/515/515
f 506/506/506 515/515/515 514/514/514
f 507/507/507 508/508/508 516/516/516
f 507/507/507 516/516/516 515/515/515
f 508/508/508 509/509/509 517/517/517
f 508/508/508 517/517/517 516/516/516
f 509/509/509 510/510/510 518/518/518
f 509/509/509 518/518/518 517/517/517
f 512/512/512 513/513/513 520/520/520
f 512/512/512 520/520/520 519/519/519
f 513/513/513 514/514/514 521/521/521
f 513/513/513 521/521/521 520/520/520
f 514/514/514 515/515/515 522/522/522
f 514/514/514 522/522/522 521/521/521
f 515/515/515 516/516/516 523/523/523
f 515/515/515 523/523/523 522/522/522
f 516/516/516 517/517/517 524/524/524
f 516/516/516 524/524/524 523/523/523
f 517/517/517 518/518/518 525/525/525
f 517/517/517 525/525/525 524/524/524
g grass_small_patches_island_06
f 526/526/526 527/527/527 533/533/533
f 526/526/526 533/533/533 532/532/532
f 527/527/527 528/528/528 534/534/534
f 527/527/527 534/534/534 533/533/533
f 528/528/528 529/529/529 535/535/535
f 528/528/528 535/535/535 534/534/534
f 529/529/529 530/530/530 536/536/536
f 529/529/529 536/536/536 535/535/535
f 530/530/530 531/531/531 537/537/537
f 530/530/530 537/537/537 536/536/536
f 532/532/532 533/533/533 543/543/543
f 532/532/532 543/543/543 542/542/542
f 533/533/533 534/534/534 544/544/544
f 533/533/533 544/544/544 543/543/543
f 534/534/534 535/535/535 545/545/545
f 534/534/534 545/545/545 544/544/544
f 535/535/535 536/536/536 546/546/546
f 535/535/535 546/546/546 545/545/545
f 536/536/536 537/537/537 547/547/547
f 536/536/536 547/547/547 546/546/546
f 537/537/537 538/538/538 548/548/548
f 537/537/537 548/548/548 547/547/547
f 538/538/538 539/539/539 549/549/549
f 538/538/538 549/549/549 548/548/548
f 540/540/540 541/541/541 552/552/552
f 540/540/540 552/552/552 551/551/551
f 541/541/541 542/542/542 553/553/553
f 541/541/541 553/553/553 552/552/552
f 542/542/542 543/543/543 554/554/554
f 542/542/542 554/554/554 553/553/553
f 543/543/543 544/544/544 555/555/555
f 543/543/543 555/555/555 554/554/554
f 544/544/544 545/545/545 556/556/556
f 544/544/544 556/556/556 555/555/555
f 545/545/545 546/546/546 557/557/557
f 545/545/545 557/557/557 556/556/556
f 546/546/546 547/547/547 558/558/558
f 546/546/546 558/558/558 557/557/557
f 547/547/547 548/548/548 559/559/559
f 547/547/547 559/559/559 558/558/558
f 548/548/548 549/549/549 560/560/560
f 548/548/548 560/560/560 559/559/559
f 549/549/549 550/550/550 561/561/561
f 549/549/549 561/561/561 560/560/560
f 551/551/551 552/552/552 564/564/564
f 551/551/551 564/564/564 563/563/563
f 552/552/552 553/553/553 565/565/565
f 552/552/552 565/565/565 564/564/564
f 553/553/553 554/554/554 566/566/566
f 553/553/553 566/566/566 565/565/565
f 554/554/554 555/555/555 567/567/567
f 554/554/554 567/567/567 566/566/566
f 555/555/555 556/556/556 568/568/568
f 555/555/555 568/568/568 567/567/567
f 556/556/556 557/557/557 569/569/569
f 556/556/556 569/569/569 568/568/568
f 557/557/557 558/558/558 570/570/570
f 557/557/557 570/570/570 569/569/569
f 558/558/558 559/559/559 571/571/571
f 558/558/558 571/571/571 570/570/570
f 559/559/559 560/560/560 572/572/572
f 559/559/559 572/572/572 571/571/571
f 560/560/560 561/561/561 573/573/573
f 560/560/560 573/573/573 572/572/572
f 562/562/562 563/563/563 575/575/575
f 562/562/562 575/575/575 574/574/574
f 563/563/563 564/564/564 576/576/576
f 563/563/563 576/576/576 575/575/575
f 564/564/564 565/565/565 577/577/577
f 564/564/564 577/577/577 576/576/576
f 565/565/565 566/566/566 578/578/578
f 565/565/565 578/578/578 577/577/577
f 566/566/566 567/567/567 579/579/579
f 566/566/566 579/579/579 578/578/578
f 567/567/567 568/568/568 580/580/580
f 567/567/567 580/580/580 579/579/579
f 568/568/568 569/569/569 581/581/581
f 568/568/568 581/581/581 580/580/580
f 569/569/569 570/570/570 582/582/582
f 569/569/569 582/582/582 581/581/581
f 570/570/570 571/571/571 583/583/583
f 570/570/570 583/583/583 582/582/582
f 571/571/571 572/572/572 584/584/584
f 571/571/571 584/584/584 583/583/583
f 574/574/574 575/575/575 587/587/587
f 574/574/574 587/587/587 586/586/586
f 575/575/575 576/576/576 588/588/588
f 575/575/575 588/588/588 587/587/587
f 576/576/576 577/577/577 589/589/589
f 576/576/576 589/589/589 588/588/588
f 577/577/577 578/578/578 590/590/590
f 577/577/577 590/590/590 589/589/589
f 578/578/578 579/579/579 591/591/591
f 578/578/578 591/591/591 590/590/590
f 579/579/579 580/580/580 592/592/592
f 579/579/579 592/592/592 591/591/591
f 580/580/580 581/581/581 593/593/593
f 580/580/580 593/593/593 592/592/592
f 581/581/581 582/582/582 594/594/594
f 581/581/581 594/594/594 593/593/593
f 582/582/582 583/583/583 595/595/595
f 582/582/582 595/595/595 594/594/594
f 583/583/583 584/584/584 596/596/596
f 583/583/583 596/596/596 595/595/595
f 584/584/584 585/585/585 597/597/597
f 584/584/584 597/597/597 596/596/596
f 586/586/586 587/587/587 599/599/599
f 586/586/586 599/599/599 598/598/598
f 587/587/587 588/588/588 600/600/600
f 587/587/587 600/600/600 599/599/599
f 588/588/588 589/589/589 601/601/601
f 588/588/588 601/601/601 600/600/600
f 589/589/589 590/590/590 602/602/602
f 589/589/589 602/602/602 601/601/601
f 590/590/590 591/591/591 603/603/603
f 590/590/590 603/603/603 602/602/602
f 591/591/591 592/592/592 604/604/604
f 591/591/591 604/604/604 603/603/603
f 592/592/592 593/593/593 605/605/605
f 592/592/592 605/605/605 604/604/604
f 593/593/593 594/594/594 606/606/606
f 593/593/593 606/606/606 605/605/605
f 594/594/594 595/595/595 607/607/607
f 594/594/594 607/607/607 606/606/606
f 595/595/595 596/596/596 608/608/608
f 595/595/595 608/608/608 607/607/607
f 596/596/596 597/597/597 609/609/609
f 596/596/596 609/609/609 608/608/608
f 600/600/600 601/601/601 611/611/611
f 600/600/600 611/611/611 610/610/610
f 601/601/601 602/602/602 612/612/612
f 601/601/601 612/612/612 611/611/611
f 602/602/602 603/603/603 613/613/613
f 602/602/602 613/613/613 612/612/612
f 603/603/603 604/604/604 614/614/614
f 603/603/603 614/614/614 613/613/613
f 604/604/604 605/605/605 615/615/615
f 604/604/604 615/615/615 614/614/614
f 605/605/605 606/606/606 616/616/616
f 605/605/605 616/616/616 615/615/615
f 606/606/606 607/607/607 617/617/617
f 606/606/606 617/617/617 616/616/616
f 607/607/607 608/608/608 618/618/618
f 607/607/607 618/618/618 617/617/617
f 610/610/610 611/611/611 620/620/620
f 610/610/610 620/620/620 619/619/619
f 611/611/611 612/612/612 621/621/621
f 611/611/611 621/621/621 620/620/620
f 612/612/612 613/613/613 622/622/622
f 612/612/612 622/622/622 621/621/621
f 613/613/613 614/614/614 623/623/623
f 613/613/613 623/623/623 622/622/622
f 614/614/614 615/615/615 624/624/624
f 614/614/614 624/624/624 623/623/623
f 615/615/615 616/616/616 625/625/625
f 615/615/615 625/625/625 624/624/624
f 616/616/616 617/617/617 626/626/626
f 616/616/616 626/626/626 625/625/625
f 617/617/617 618/618/618 627/627/627
f 617/617/617 627/627/627 626/626/626
f 620/620/620 621/621/621 629/629/629
f 620/620/620 629/629/629 628/628/628
f 621/621/621 622/622/622 630/630/630
f 621/621/621 630/630/630 629/629/629
f 622/622/622 623/623/623 631/631/631
f 622/622/622 631/631/631 630/630/630
f 623/623/623 624/624/624 632/632/632
f 623/623/623 632/632/632 631/631/631
f 630/630/630 631/631/631 634/634/634
f 630/630/630 634/634/634 633/633/633
g grass_small_patches_island_07
f 635/635/635 636/636/636 643/643/643
f 635/635/635 643/643/643 642/642/642
f 636/636/636 637/637/637 644/644/644
f 636/636/636 644/644/644 643/643/643
f 637/637/637 638/638/638 645/645/645
f 637/637/637 645/645/645 644/644/644
f 638/638/638 639/639/639 646/646/646
f 638/638/638 646/646/646 645/645/645
f 639/639/639 640/640/640 647/647/647
f 639/639/639 647/647/647 646/646/646
f 641/641/641 642/642/642 650/650/650
f 641/641/641 650/650/650 649/649/649
f 642/642/642 643/643/643 651/651/651
f 642/642/642 651/651/651 650/650/650
f 643/643/643 644/644/644 652/652/652
f 643/643/643 652/652/652 651/651/651
f 644/644/644 645/645/645 653/653/653
f 644/644/644 653/653/653 652/652/652
f 645/645/645 646/646/646 654/654/654
f 645/645/645 654/654/654 653/653/653
f 646/646/646 647/647/647 655/655/655
f 646/646/646 655/655/655 654/654/654
f 647/647/647 648/648/648 656/656/656
f 647/647/647 656/656/656 655/655/655
f 649/649/649 650/650/650 658/658/658
f 649/649/649 658/658/658 657/657/657
f 650/650/650 651/651/651 659/659/659
f 650/650/650 659/659/659 658/658/658
f 651/651/651 652/652/652 660/660/660
f 651/651/651 660/660/660 659/659/659
f 652/652/652 653/653/653 661/661/661
f 652/652/652 661/661/661 660/660/660
f 653/653/653 654/654/654 662/662/662
f 653/653/653 662/662/662 661/661/661
f 654/654/654 655/655/655 663/663/663
f 654/654/654 663/663/663 662/662/662
f 655/655/655 656/656/656 664/664/664
f 655/655/655 664/664/664 663/663/663
f 657/657/657 658/658/658 666/666/666
f 657/657/657 666/666/666 665/665/665
f 658/658/658 659/659/659 667/667/667
f 658/658/658 667/667/667 666/666/666
f 659/659/659 660/660/660 668/668/668
f 659/659/659 668/668/668 667/667/667
f 660/660/660 661/661/661 669/669/669
f 660/660/660 669/669/669 668/668/668
f 661/661/661 662/662/662 670/670/670
f 661/661/661 670/670/670 669/669/669
f 662/662/662 663/663/663 671/671/671
f 662/662/662 671/671/671 670/670/670
f 663/663/663 664/664/664 672/672/672
f 663/663/663 672/672/672 671/671/671
f 665/665/665 666/666/666 675/675/675
f 665/665/665 675/675/675 674/674/674
f 666/666/666 667/667/667 676/676/676
f 666/666/666 676/676/676 675/675/675
f 667/667/667 668/668/668 677/677/677
f 667/667/667 677/677/677 676/676/676
f 668/668/668 669/669/669 678/678/678
f 668/668/668 678/678/678 677/677/677
f 669/669/669 670/670/670 679/679/679
f 669/669/669 679/679/679 678/678/678
f 670/670/670 671/671/671 680/680/680
f 670/670/670 680/680/680 679/679/679
f 671/671/671 672/672/672 681/681/681
f 671/671/671 681/681/681 680/680/680
f 673/673/673 674/674/674 683/683/683
f 673/673/673 683/683/683 682/682/682
f 674/674/674 675/675/675 684/684/684
f 674/674/674 684/684/684 683/683/683
f 675/675/675 676/676/676 685/685/685
f 675/675/675 685/685/685 684/684/684
f 676/676/676 677/677/677 686/686/686
f 676/676/676 686/686/686 685/685/685
f 677/677/677 678/678/678 687/687/687
f 677/677/677 687/687/687 686/686/686
f 678/678/678 679/679/679 688/688/688
f 678/678/678 688/688/688 687/687/687
f 679/679/679 680/680/680 689/689/689
f 679/679/679 689/689/689 688/688/688
f 680/680/680 681/681/681 690/690/690
f 680/680/680 690/690/690 689/689/689
f 682/682/682 683/683/683 693/693/693
f 682/682/682 693/693/693 692/692/692
f 683/683/683 684/684/684 694/694/694
f 683/683/683 694/694/694 693/693/693
f 684/684/684 685/685/685 695/695/695
f 684/684/684 695/695/695 694/694/694
f 685/685/685 686/686/686 696/696/696
f 685/685/685 696/696/696 695/695/695
f 686/686/686 687/687/687 697/697/697
f 686/686/686 697/697/697 696/696/696
f 687/687/687 688/688/688 698/698/698
f 687/687/687 698/698/698 697/697/697
f 688/688/688 689/689/689 699/699/699
f 688/688/688 699/699/699 698/698/698
f 689/689/689 690/690/690 700/700/700
f 689/689/689 700/700/700 699/699/699
f 690/690/690 691/691/691 701/701/701
f 690/690/690 701/701/701 700/700/700
f 692/692/692 693/693/693 703/703/703
f 692/692/692 703/703/703 702/702/702
f 693/693/693 694/694/694 704/704/704
f 693/693/693 704/704/704 703/703/703
f 694/694/694 695/695/695 705/705/705
f 694/694/694 705/705/705 704/704/704
f 695/695/695 696/696/696 706/706/706
f 695/695/695 706/706/706 705/705/705
f 696/696/696 697/697/697 707/707/707
f 696/696/696 707/707/707 706/706/706
f 697/697/697 698/698/698 708/708/708
f 697/697/697 708/708/708 707/707/707
f 698/698/698 699/699/699 709/709/709
f 698/698/698 709/709/709 708/708/708
f 699/699/699 700/700/700 710/710/710
f 699/699/699 710/710/710 709/709/709
f 700/700/700 701/701/701 711/711/711
f 700/700/700 711/711/711 710/710/710
f 703/703/703 704/704/704 713/713/713
f 703/703/703 713/713/713 712/712/712
f 704/704/704 705/705/705 714/714/714
f 704/704/704 714/714/714 713/713/713
f 705/705/705 706/706/706 715/715/715
f 705/705/705 715/715/715 714/714/714
f 706/706/706 707/707/707 716/716/716
f 706/706/706 716/716/716 715/715/715
f 707/707/707 708/708/708 717/717/717
f 707/707/707 717/717/717 716/716/716
f 708/708/708 709/709/709 718/718/718
f 708/708/708 718/718/718 717/717/717
f 709/709/709 710/710/710 719/719/719
f 709/709/709 719/719/719 718/718/718
f 712/712/712 713/713/713 721/721/721
f 712/712/712 721/721/721 720/720/720
f 713/713/713 714/714/714 722/722/722
f 713/713/713 722/722/722 721/721/721
f 714/714/714 715/715/715 723/723/723
f 714/714/714 723/723/723 722/722/722
f 715/715/715 716/716/716 724/724/724
f 715/715/715 724/724/724 723/723/723
f 716/716/716 717/717/717 725/725/725
f 716/716/716 725/725/725 724/724/724
f 717/717/717 718/718/718 726/726/726
f 717/717/717 726/726/726 725/725/725
f 718/718/718 719/719/719 727/727/727
f 718/718/718 727/727/727 726/726/726
f 721/721/721 722/722/722 729/729/729
f 721/721/721 729/729/729 728/728/728
f 722/722/722 723/723/723 730/730/730
f 722/722/722 730/730/730 729/729/729
f 723/723/723 724/724/724 731/731/731
f 723/723/723 731/731/731 730/730/730
f 724/724/724 725/725/725 732/732/732
f 724/724/724 732/732/732 731/731/731
f 725/725/725 726/726/726 733/733/733
f 725/725/725 733/733/733 732/732/732
f 729/729/729 730/730/730 735/735/735
f 729/729/729 735/735/735 734/734/734
f 730/730/730 731/731/731 736/736/736
f 730/730/730 736/736/736 735/735/735
g grass_small_patches_island_08
f 737/737/737 738/738/738 742/742/742
f 737/737/737 742/742/742 741/741/741
f 738/738/738 739/739/739 743/743/743
f 738/738/738 743/743/743 742/742/742
f 739/739/739 740/740/740 744/744/744
f 739/739/739 744/744/744 743/743/743
f 741/741/741 742/742/742 749/749/749
f 741/741/741 749/749/749 748/748/748
f 742/742/742 743/743/743 750/750/750
f 742/742/742 750/750/750 749/749/749
f 743/743/743 744/744/744 751/751/751
f 743/743/743 751/751/751 750/750/750
f 744/744/744 745/745/745 752/752/752
f 744/744/744 752/752/752 751/751/751
f 745/745/745 746/746/746 753/753/753
f 745/745/745 753/753/753 752/752/752
f 747/747/747 748/748/748 756/756/756
f 747/747/747 756/756/756 755/755/755
f 748/748/748 749/749/749 757/757/757
f 748/748/748 757/757/757 756/756/756
f 749/749/749 750/750/750 758/758/758
f 749/749/749 758/758/758 757/757/757
f 750/750/750 751/751/751 759/759/759
f 750/750/750 759/759/759 758/758/758
f 751/751/751 752/752/752 760/760/760
f 751/751/751 760/760/760 759/759/759
f 752/752/752 753/753/753 761/761/761
f 752/752/752 761/761/761 760/760/760
f 753/753/753 754/754/754 762/762/762
f 753/753/753 762/762/762 761/761/761
f 755/755/755 756/756/756 764/764/764
f 755/755/755 764/764/764 763/763/763
f 756/756/756 757/757/757 765/765/765
f 756/756/756 765/765/765 764/764/764
f 757/757/757 758/758/758 766/766/766
f 757/757/757 766/766/766 765/765/765
f 758/758/758 759/759/759 767/767/767
f 758/758/758 767/767/767 766/766/766
f 759/759/759 760/760/760 768/768/768
f 759/759/759 768/768/768 767/767/767
f 760/760/760 761/761/761 769/769/769
f 760/760/760 769/769/769 768/768/768
f 761/761/761 762/762/762 770/770/770
f 761/761/761 770/770/770 769/769/769
f 763/763/763 764/764/764 773/773/773
f 763/763/763 773/773/773 772/772/772
f 764/764/764 765/765/765 774/774/774
f 764/764/764 774/774/774 773/773/773
f 765/765/765 766/766/766 775/775/775
f 765/765/765 775/775/775 774/774/774
f 766/766/766 767/767/767 776/776/776
f 766/766/766 776/776/776 775/775/775
f 767/767/767 768/768/768 777/777/777
f 767/767/767 777/777/777 776/776/776
f 768/768/768 769/769/769 778/778/778
f 768/768/768 778/778/778 777/777/777
f 769/769/769 770/770/770 779/779/779
f 769/769/769 779/779/779 778/778/778
f 771/771/771 772/772/772 781/781/781
f 771/771/771 781/781/781 780/780/780
f 772/772/772 773/773/773 782/782/782
f 772/772/772 782/782/782 781/781/781
f 773/773/773 774/774/774 783/783/783
f 773/773/773 783/783/783 782/782/782
f 774/774/774 775/775/775 784/784/784
f 774/774/774 784/784/784 783/783/783
f 775/775/775 776/776/776 785/785/785
f 775/775/775 785/785/785 784/784/784
f 776/776/776 777/777/777 786/786/786
f 776/776/776 786/786/786 785/785/785
f 777/777/777 778/778/778 787/787/787
f 777/777/777 787/787/787 786/786/786
f 778/778/778 779/779/779 788/788/788
f 778/778/778 788/788/788 787/787/787
f 780/780/780 781/781/781 791/791/791
f 780/780/780 791/791/791 790/790/790
f 781/781/781 782/782/782 792/792/792
f 781/781/781 792/792/792 791/791/791
f 782/782/782 783/783/783 793/793/793
f 782/782/782 793/793/793 792/792/792
f 783/783/783 784/784/784 794/794/794
f 783/783/783 794/794/794 793/793/793
f 784/784/784 785/785/785 795/795/795
f 784/784/784 795/795/795 794/794/794
f 785/785/785 786/786/786 796/796/796
f 785/785/785 796/796/796 795/795/795
f 786/786/786 787/787/787 797/797/797
f 786/786/786 797/797/797 796/796/796
f 787/787/787 788/788/788 798/798/798
f 787/787/787 798/798/798 797/797/797
f 788/788/788 789/789/789 799/799/799
f 788/788/788 799/799/799 798/798/798
f 790/790/790 791/791/791 801/801/801
f 790/790/790 801/801/801 800/800/800
f 791/791/791 792/792/792 802/802/802
f 791/791/791 802/802/802 801/801/801
f 792/792/792 793/793/793 803/803/803
f 792/792/792 803/803/803 802/802/802
f 793/793/793 794/794/794 804/804/804
f 793/793/793 804/804/804 803/803/803
f 794/794/794 795/795/795 805/805/805
f 794/794/794 805/805/805 804/804/804
f 795/795/795 796/796/796 806/806/806
f 795/795/795 806/806/806 805/805/805
f 796/796/796 797/797/797 807/807/807
f 796/796/796 807/807/807 806/806/806
f 797/797/797 798/798/798 808/808/808
f 797/797/797 808/808/808 807/807/807
f 798/798/798 799/799/799 809/809/809
f 798/798/798 809/809/809 808/808/808
f 801/801/801 802/802/802 811/811/811
f 801/801/801 811/811/811 810/810/810
f 802/802/802 803/803/803 812/812/812
f 802/802/802 812/812/812 811/811/811
f 803/803/803 804/804/804 813/813/813
f 803/803/803 813/813/813 812/812/812
f 804/804/804 805/805/805 814/814/814
f 804/804/804 814/814/814 813/813/813
f 805/805/805 806/806/806 815/815/815
f 805/805/805 815/815/815 814/814/814
f 806/806/806 807/807/807 816/816/816
f 806/806/806 816/816/816 815/815/815
f 807/807/807 808/808/808 817/817/817
f 807/807/807 817/817/817 816/816/816
f 811/811/811 812/812/812 819/819/819
f 811/811/811 819/819/819 818/818/818
f 812/812/812 813/813/813 820/820/820
f 812/812/812 820/820/820 819/819/819
f 813/813/813 814/814/814 821/821/821
f 813/813/813 821/821/821 820/820/820
f 814/814/814 815/815/815 822/822/822
f 814/814/814 822/822/822 821/821/821
f 815/815/815 816/816/816 823/823/823
f 815/815/815 823/823/823 822/822/822
f 816/816/816 817/817/817 824/824/824
f 816/816/816 824/824/824 823/823/823
f 818/818/818 819/819/819 826/826/826
f 818/818/818 826/826/826 825/825/825
f 819/819/819 820/820/820 827/827/827
f 819/819/819 827/827/827 826/826/826
f 820/820/820 821/821/821 828/828/828
f 820/820/820 828/828/828 827/827/827
f 821/821/821 822/822/822 829/829/829
f 821/821/821 829/829/829 828/828/828
f 826/826/826 827/827/827 831/831/831
f 826/826/826 831/831/831 830/830/830
f 827/827/827 828/828/828 832/832/832
f 827/827/827 832/832/832 831/831/831
g grass_small_patches_island_09
f 833/833/833 834/834/834 842/842/842
f 833/833/833 842/842/842 841/841/841
f 834/834/834 835/835/835 843/843/843
f 834/834/834 843/843/843 842/842/842
f 835/835/835 836/836/836 844/844/844
f 835/835/835 844/844/844 843/843/843
f 836/836/836 837/837/837 845/845/845
f 836/836/836 845/845/845 844/844/844
f 837/837/837 838/838/838 846/846/846
f 837/837/837 846/846/846 845/845/845
f 838/838/838 839/839/839 847/847/847
f 838/838/838 847/847/847 846/846/846
f 840/840/840 841/841/841 851/851/851
f 840/840/840 851/851/851 850/850/850
f 841/841/841 842/842/842 852/852/852
f 841/841/841 852/852/852 851/851/851
f 842/842/842 843/843/843 853/853/853
f 842/842/842 853/853/853 852/852/852
f 843/843/843 844/844/844 854/854/854
f 843/843/843 854/854/854 853/853/853
f 844/844/844 845/845/845 855/855/855
f 844/844/844 855/855/855 854/854/854
f 845/845/845 846/846/846 856/856/856
f 845/845/845 856/856/856 855/855/855
f 846/846/846 847/847/847 857/857/857
f 846/846/846 857/857/857 856/856/856
f 847/847/847 848/848/848 858/858/858
f 847/847/847 858/858/858 857/857/857
f 849/849/849 850/850/850 860/860/860
f 849/849/849 860/860/860 859/859/859
f 850/850/850 851/851/851 861/861/861
f 850/850/850 861/861/861 860/860/860
f 851/851/851 852/852/852 862/862/862
f 851/851/851 862/862/862 861/861/861
f 852/852/852 853/853/853 863/863/863
f 852/852/852 863/863/863 862/862/862
f 853/853/853 854/854/854 864/864/864
f 853/853/853 864/864/864 863/863/863
f 854/854/854 855/855/855 865/865/865
f 854/854/854 865/865/865 864/864/864
f 855/855/855 856/856/856 866/866/866
f 855/855/855 866/866/866 865/865/865
f 856/856/856 857/857/857 867/867/867
f 856/856/856 867/867/867 866/866/866
f 857/857/857 858/858/858 868/868/868
f 857/857/857 868/868/868 867/867/867
f 859/859/859 860/860/860 870/870/870
f 859/859/859 870/870/870 869/869/869
f 860/860/860 861/861/861 871/871/871
f 860/860/860 871/871/871 870/870/870
f 861/861/861 862/862/862 872/872/872
f 861/861/861 872/872/872 871/871/871
f 862/862/862 863/863/863 873/873/873
f 862/862/862 873/873/873 872/872/872
f 863/863/863 864/864/864 874/874/874
f 863/863/863 874/874/874 873/873/873
f 864/864/864 865/865/865 875/875/875
f 864/864/864 875/875/875 874/874/874
f 865/865/865 866/866/866 876/876/876
f 865/865/865 876/876/876 875/875/875
f 866/866/866 867/867/867 877/877/877
f 866/866/866 877/877/877 876/876/876
f 867/867/867 868/868/868 878/878/878
f 867/867/867 878/878/878 877/877/877
f 869/869/869 870/870/870 882/882/882
f 869/869/869 882/882/882 881/881/881
f 870/870/870 871/871/871 883/883/883
f 870/870/870 883/883/883 882/882/882
f 871/871/871 872/872/872 884/884/884
f 871/871/871 884/884/884 883/883/883
f 872/872/872 873/873/873 885/885/885
f 872/872/872 885/885/885 884/884/884
f 873/873/873 874/874/874 886/886/886
f 873/873/873 886/886/886 885/885/885
f 874/874/874 875/875/875 887/887/887
f 874/874/874 887/887/887 886/886/886
f 875/875/875 876/876/876 888/888/888
f 875/875/875 888/888/888 887/887/887
f 876/876/876 877/877/877 889/889/889
f 876/876/876 889/889/889 888/888/888
f 877/877/877 878/878/878 890/890/890
f 877/877/877 890/890/890 889/889/889
f 878/878/878 879/879/879 891/891/891
f 878/878/878 891/891/891 890/890/890
f 880/880/880 881/881/881 893/893/893
f 880/880/880 893/893/893 892/892/892
f 881/881/881 882/882/882 894/894/894
f 881/881/881 894/894/894 893/893/893
f 882/882/882 883/883/883 895/895/895
f 882/882/882 895/895/895 894/894/894
f 883/883/883 884/884/884 896/896/896
f 883/883/883 896/896/896 895/895/895
f 884/884/884 885/885/885 897/897/897
f 884/884/884 897/897/897 896/896/896
f 885/885/885 886/886/886 898/898/898
f 885/885/885 898/898/898 897/897/897
f 886/886/886 887/887/887 899/899/899
f 886/886/886 899/899/899 898/898/898
f 887/887/887 888/888/888 900/900/900
f 887/887/887 900/900/900 899/899/899
f 888/888/888 889/889/889 901/901/901
f 888/888/888 901/901/901 900/900/900
f 889/889/889 890/890/890 902/902/902
f 889/889/889 902/902/902 901/901/901
f 890/890/890 891/891/891 903/903/903
f 890/890/890 903/903/903 902/902/902
f 892/892/892 893/893/893 905/905/905
f 892/892/892 905/905/905 904/904/904
f 893/893/893 894/894/894 906/906/906
f 893/893/893 906/906/906 905/905/905
f 894/894/894 895/895/895 907/907/907
f 894/894/894 907/907/907 906/906/906
f 895/895/895 896/896/896 908/908/908
f 895/895/895 908/908/908 907/907/907
f 896/896/896 897/897/897 909/909/909
f 896/896/896 909/909/909 908/908/908
f 897/897/897 898/898/898 910/910/910
f 897/897/897 910/910/910 909/909/909
f 898/898/898 899/899/899 911/911/911
f 898/898/898 911/911/911 910/910/910
f 899/899/899 900/900/900 912/912/912
f 899/899/899 912/912/912 911/911/911
f 900/900/900 901/901/901 913/913/913
f 900/900/900 913/913/913 912/912/912
f 901/901/901 902/902/902 914/914/914
f 901/901/901 914/914/914 913/913/913
f 902/902/902 903/903/903 915/915/915
f 902/902/902 915/915/915 914/914/914
f 905/905/905 906/906/906 917/917/917
f 905/905/905 917/917/917 916/916/916
f 906/906/906 907/907/907 918/918/918
f 906/906/906 918/918/918 917/917/917
f 907/907/907 908/908/908 919/919/919
f 907/907/907 919/919/919 918/918/918
f 908/908/908 909/909/909 920/920/920
f 908/908/908 920/920/920 919/919/919
f 909/909/909 910/910/910 921/921/921
f 909/909/909 921/921/921 920/920/920
f 910/910/910 911/911/911 922/922/922
f 910/910/910 922/922/922 921/921/921
f 911/911/911 912/912/912 923/923/923
f 911/911/911 923/923/923 922/922/922
f 912/912/912 913/913/913 924/924/924
f 912/912/912 924/924/924 923/923/923
f 913/913/913 914/914/914 925/925/925
f 913/913/913 925/925/925 924/924/924
f 918/918/918 919/919/919 927/927/927
f 918/918/918 927/927/927 926/926/926
f 919/919/919 920/920/920 928/928/928
f 919/919/919 928/928/928 927/927/927
f 920/920/920 921/921/921 929/929/929
f 920/920/920 929/929/929 928/928/928
f 921/921/921 922/922/922 930/930/930
f 921/921/921 930/930/930 929/929/929
f 922/922/922 923/923/923 931/931/931
f 922/922/922 931/931/931 930/930/930
f 928/928/928 929/929/929 933/933/933
f 928/928/928 933/933/933 932/932/932
f 929/929/929 930/930/930 934/934/934
f 929/929/929 934/934/934 933/933/933
g grass_small_patches_island_10
f 935/935/935 936/936/936 942/942/942
f 935/935/935 942/942/942 941/941/941
f 936/936/936 937/937/937 943/943/943
f 936/936/936 943/943/943 942/942/942
f 938/938/938 939/939/939 945/945/945
f 938/938/938 945/945/945 944/944/944
f 940/940/940 941/941/941 949/949/949
f 940/940/940 949/949/949 948/948/948
f 941/941/941 942/942/942 950/950/950
f 941/941/941 950/950/950 949/949/949
f 942/942/942 943/943/943 951/951/951
f 942/942/942 951/951/951 950/950/950
f 943/943/943 944/944/944 952/952/952
f 943/943/943 952/952/952 951/951/951
f 944/944/944 945/945/945 953/953/953
f 944/944/944 953/953/953 952/952/952
f 945/945/945 946/946/946 954/954/954
f 945/945/945 954/954/954 953/953/953
f 946/946/946 947/947/947 955/955/955
f 946/946/946 955/955/955 954/954/954
f 948/948/948 949/949/949 957/957/957
f 948/948/948 957/957/957 956/956/956
f 949/949/949 950/950/950 958/958/958
f 949/949/949 958/958/958 957/957/957
f 950/950/950 951/951/951 959/959/959
f 950/950/950 959/959/959 958/958/958
f 951/951/951 952/952/952 960/960/960
f 951/951/951 960/960/960 959/959/959
f 952/952/952 953/953/953 961/961/961
f 952/952/952 961/961/961 960/960/960
f 953/953/953 954/954/954 962/962/962
f 953/953/953 962/962/962 961/961/961
f 954/954/954 955/955/955 963/963/963
f 954/954/954 963/963/963 962/962/962
f 956/956/956 957/957/957 966/966/966
f 956/956/956 966/966/966 965/965/965
f 957/957/957 958/958/958 967/967/967
f 957/957/957 967/967/967 966/966/966
f 958/958/958 959/959/959 968/968/968
f 958/958/958 968/968/968 967/967/967
f 959/959/959 960/960/960 969/969/969
f 959/959/959 969/969/969 968/968/968
f 960/960/960 961/961/961 970/970/970
f 960/960/960 970/970/970 969/969/969
f 961/961/961 962/962/962 971/971/971
f 961/961/961 971/971/971 970/970/970
f 962/962/962 963/963/963 972/972/972
f 962/962/962 972/972/972 971/971/971
f 964/964/964 965/965/965 975/975/975
f 964/964/964 975/975/975 974/974/974
f 965/965/965 966/966/966 976/976/976
f 965/965/965 976/976/976 975/975/975
f 966/966/966 967/967/967 977/977/977
f 966/966/966 977/977/977 976/976/976
f 967/967/967 968/968/968 978/978/978
f 967/967/967 978/978/978 977/977/977
f 968/968/968 969/969/969 979/979/979
f 968/968/968 979/979/979 978/978/978
f 969/969/969 970/970/970 980/980/980
f 969/969/969 980/980/980 979/979/979
f 970/970/970 971/971/971 981/981/981
f 970/970/970 981/981/981 980/980/980
f 971/971/971 972/972/972 982/982/982
f 971/971/971 982/982/982 981/981/981
f 972/972/972 973/973/973 983/983/983
f 972/972/972 983/983/983 982/982/982
f 974/974/974 975/975/975 985/985/985
f 974/974/974 985/985/985 984/984/984
f 975/975/975 976/976/976 986/986/986
f 975/975/975 986/986/986 985/985/985
f 976/976/976 977/977/977 987/987/987
f 976/976/976 987/987/987 986/986/986
f 977/977/977 978/978/978 988/988/988
f 977/977/977 988/988/988 987/987/987
f 978/978/978 979/979/979 989/989/989
f 978/978/978 989/989/989 988/988/988
f 979/979/979 980/980/980 990/990/990
f 979/979/979 990/990/990 989/989/989
f 980/980/980 981/981/981 991/991/991
f 980/980/980 991/991/991 990/990/990
f 981/981/981 982/982/982 992/992/992
f 981/981/981 992/992/992 991/991/991
f 982/982/982 983/983/983 993/993/993
f 982/982/982 993/993/993 992/992/992
f 985/985/985 986/986/986 995/995/995
f 985/985/985 995/995/995 994/994/994
f 986/986/986 987/987/987 996/996/996
f 986/986/986 996/996/996 995/995/995
f 987/987/987 988/988/988 997/997/997
f 987/987/987 997/997/997 996/996/996
f 988/988/988 989/989/989 998/998/998
f 988/988/988 998/998/998 997/997/997
f 989/989/989 990/990/990 999/999/999
f 989/989/989 999/999/999 998/998/998
f 990/990/990 991/991/991 1000/1000/1000
f 990/990/990 1000/1000/1000 999/999/999
f 991/991/991 992/992/992 1001/1001/1001
f 991/991/991 1001/1001/1001 1000/1000/1000
f 995/995/995 996/996/996 1003/1003/1003
f 995/995/995 1003/1003/1003 1002/1002/1002
f 996/996/996 997/997/997 1004/1004/1004
f 996/996/996 1004/1004/1004 1003/1003/1003
f 997/997/997 998/998/998 1005/1005/1005
f 997/997/997 1005/1005/1005 1004/1004/1004
f 998/998/998 999/999/999 1006/1006/1006
f 998/998/998 1006/1006/1006 1005/1005/1005
f 1004/1004/1004 1005/1005/1005 1008/1008/1008
f 1004/1004/1004 1008/1008/1008 1007/1007/1007
