# Deterministic small terrain-conforming semantic islands
mtllib gravel_small_patches.mtl
o gravel_small_patches
usemtl gravel_small_patches_material
v -1.600000 -3.000000 0.041216
v -1.400000 -3.000000 0.031412
v -1.200000 -3.000000 0.031412
v -1.000000 -3.000000 0.031412
v -0.800000 -3.000000 0.031412
v -1.600000 -2.800000 0.041216
v -1.400000 -2.800000 0.041216
v -1.200000 -2.800000 0.031412
v -1.000000 -2.800000 0.031412
v -0.800000 -2.800000 0.031412
v -0.600000 -2.800000 0.031412
v -0.400000 -2.800000 0.031412
v -0.200000 -2.800000 0.031412
v -1.800000 -2.600000 0.051020
v -1.600000 -2.600000 0.041216
v -1.400000 -2.600000 0.041216
v -1.200000 -2.600000 0.031412
v -1.000000 -2.600000 0.031412
v -0.800000 -2.600000 0.031412
v -0.600000 -2.600000 0.031412
v -0.400000 -2.600000 0.031412
v -0.200000 -2.600000 0.031412
v 0.000000 -2.600000 0.031412
v 0.200000 -2.600000 0.031412
v 0.400000 -2.600000 0.031412
v -2.200000 -2.400000 0.070627
v -2.000000 -2.400000 0.060824
v -1.800000 -2.400000 0.051020
v -1.600000 -2.400000 0.041216
v -1.400000 -2.400000 0.041216
v -1.200000 -2.400000 0.041216
v -1.000000 -2.400000 0.031412
v -0.800000 -2.400000 0.031412
v -0.600000 -2.400000 0.031412
v -0.400000 -2.400000 0.031412
v -0.200000 -2.400000 0.031412
v 0.000000 -2.400000 0.031412
v 0.200000 -2.400000 0.031412
v 0.400000 -2.400000 0.031412
v -2.200000 -2.200000 0.070627
v -2.000000 -2.200000 0.060824
v -1.800000 -2.200000 0.051020
v -1.600000 -2.200000 0.051020
v -1.400000 -2.200000 0.041216
v -1.200000 -2.200000 0.041216
v -1.000000 -2.200000 0.031412
v -0.800000 -2.200000 0.031412
v -0.600000 -2.200000 0.031412
v -0.400000 -2.200000 0.031412
v -0.200000 -2.200000 0.031412
v 0.000000 -2.200000 0.031412
v 0.200000 -2.200000 0.041216
v 0.400000 -2.200000 0.041216
v -2.400000 -2.000000 0.090235
v -2.200000 -2.000000 0.070627
v -2.000000 -2.000000 0.060824
v -1.800000 -2.000000 0.051020
v -1.600000 -2.000000 0.051020
v -1.400000 -2.000000 0.041216
v -1.200000 -2.000000 0.041216
v -1.000000 -2.000000 0.041216
v -0.800000 -2.000000 0.041216
v -0.600000 -2.000000 0.041216
v -0.400000 -2.000000 0.041216
v -0.200000 -2.000000 0.041216
v 0.000000 -2.000000 0.041216
v 0.200000 -2.000000 0.041216
v 0.400000 -2.000000 0.041216
v -2.400000 -1.800000 0.090235
v -2.200000 -1.800000 0.070627
v -2.000000 -1.800000 0.060824
v -1.800000 -1.800000 0.051020
v -1.600000 -1.800000 0.051020
v -1.400000 -1.800000 0.041216
v -1.200000 -1.800000 0.041216
v -1.000000 -1.800000 0.041216
v -0.800000 -1.800000 0.041216
v -0.600000 -1.800000 0.041216
v -0.400000 -1.800000 0.041216
v -0.200000 -1.800000 0.041216
v 0.000000 -1.800000 0.041216
v 0.200000 -1.800000 0.051020
v 0.400000 -1.800000 0.051020
v -2.400000 -1.600000 0.090235
v -2.200000 -1.600000 0.070627
v -2.000000 -1.600000 0.060824
v -1.800000 -1.600000 0.060824
v -1.600000 -1.600000 0.051020
v -1.400000 -1.600000 0.051020
v -1.200000 -1.600000 0.041216
v -1.000000 -1.600000 0.041216
v -0.800000 -1.600000 0.041216
v -0.600000 -1.600000 0.041216
v -0.400000 -1.600000 0.041216
v -0.200000 -1.600000 0.051020
v 0.000000 -1.600000 0.051020
v 0.200000 -1.600000 0.051020
v 0.400000 -1.600000 0.051020
v -2.000000 -1.400000 0.060824
v -1.800000 -1.400000 0.060824
v -1.600000 -1.400000 0.051020
v -1.400000 -1.400000 0.051020
v -1.200000 -1.400000 0.051020
v -1.000000 -1.400000 0.041216
v -0.800000 -1.400000 0.051020
v -0.600000 -1.400000 0.051020
v -0.400000 -1.400000 0.051020
v -0.200000 -1.400000 0.051020
v 0.000000 -1.400000 0.051020
v 0.200000 -1.400000 0.060824
v 0.400000 -1.400000 0.060824
v -1.800000 -1.200000 0.060824
v -1.600000 -1.200000 0.051020
v -1.400000 -1.200000 0.051020
v -1.200000 -1.200000 0.051020
v -1.000000 -1.200000 0.051020
v -0.800000 -1.200000 0.051020
v -0.600000 -1.200000 0.051020
v -0.400000 -1.200000 0.051020
v -0.200000 -1.200000 0.060824
v 0.000000 -1.200000 0.060824
v 0.200000 -1.200000 0.070627
v -1.800000 -1.000000 0.060824
v -1.600000 -1.000000 0.060824
v -1.400000 -1.000000 0.051020
v -1.200000 -1.000000 0.051020
v -1.000000 -1.000000 0.051020
v -0.800000 -1.000000 0.060824
v -0.600000 -1.000000 0.060824
v -0.400000 -1.000000 0.060824
v -0.200000 -1.000000 0.070627
v 0.000000 -1.000000 0.070627
v 0.200000 -1.000000 0.080431
v -1.600000 -0.800000 0.060824
v -1.400000 -0.800000 0.060824
v -1.200000 -0.800000 0.060824
v -1.000000 -0.800000 0.060824
v -0.800000 -0.800000 0.060824
v -0.600000 -0.800000 0.070627
v 8.000000 -0.400000 1.315725
v 8.200000 -0.400000 1.364745
v 8.400000 -0.400000 1.413765
v 8.000000 -0.200000 1.315725
v 8.200000 -0.200000 1.374549
v 8.400000 -0.200000 1.423569
v 8.600000 -0.200000 1.482392
v 8.800000 -0.200000 1.531412
v 9.000000 -0.200000 1.580431
v 7.800000 0.000000 1.266706
v 8.000000 0.000000 1.315725
v 8.200000 0.000000 1.374549
v 8.400000 0.000000 1.423569
v 8.600000 0.000000 1.482392
v 8.800000 0.000000 1.531412
v 9.000000 0.000000 1.590235
v 9.200000 0.000000 1.639255
v 7.800000 0.200000 1.266706
v 8.000000 0.200000 1.325529
v 8.200000 0.200000 1.374549
v 8.400000 0.200000 1.423569
v 8.600000 0.200000 1.482392
v 8.800000 0.200000 1.531412
v 9.000000 0.200000 1.590235
v 9.200000 0.200000 1.639255
v 7.600000 0.400000 1.217686
v 7.800000 0.400000 1.266706
v 8.000000 0.400000 1.315725
v 8.200000 0.400000 1.374549
v 8.400000 0.400000 1.423569
v 8.600000 0.400000 1.482392
v 8.800000 0.400000 1.531412
v 9.000000 0.400000 1.580431
v 9.200000 0.400000 1.639255
v 7.600000 0.600000 1.207882
v 7.800000 0.600000 1.256902
v 8.000000 0.600000 1.315725
v 8.200000 0.600000 1.364745
v 8.400000 0.600000 1.413765
v 8.600000 0.600000 1.472588
v 8.800000 0.600000 1.521608
v 9.000000 0.600000 1.580431
v 9.200000 0.600000 1.629451
v 7.600000 0.800000 1.198078
v 7.800000 0.800000 1.256902
v 8.000000 0.800000 1.305922
v 8.200000 0.800000 1.354941
v 8.400000 0.800000 1.413765
v 8.600000 0.800000 1.462784
v 8.800000 0.800000 1.511804
v 9.000000 0.800000 1.560824
v 9.200000 0.800000 1.619647
v 7.600000 1.000000 1.188275
v 7.800000 1.000000 1.247098
v 8.000000 1.000000 1.296118
v 8.200000 1.000000 1.345137
v 8.400000 1.000000 1.394157
v 8.600000 1.000000 1.452980
v 8.800000 1.000000 1.502000
v 9.000000 1.000000 1.551020
v 9.200000 1.000000 1.600039
v 7.800000 1.200000 1.227490
v 8.000000 1.200000 1.276510
v 8.200000 1.200000 1.335333
v 8.400000 1.200000 1.384353
v 8.600000 1.200000 1.433373
v 8.800000 1.200000 1.482392
v 9.000000 1.200000 1.531412
v 9.200000 1.200000 1.580431
v 8.000000 1.400000 1.266706
v 8.200000 1.400000 1.315725
v 8.400000 1.400000 1.364745
v 8.600000 1.400000 1.413765
v 8.800000 1.400000 1.462784
v 9.000000 1.400000 1.511804
v 8.200000 1.600000 1.296118
v 8.400000 1.600000 1.345137
v 8.600000 1.600000 1.394157
v -22.400000 -2.400000 0.041216
v -22.200000 -2.400000 0.051020
v -22.000000 -2.400000 0.070627
v -21.800000 -2.400000 0.080431
v -21.600000 -2.400000 0.100039
v -23.000000 -2.200000 0.031412
v -22.800000 -2.200000 0.031412
v -22.600000 -2.200000 0.041216
v -22.400000 -2.200000 0.041216
v -22.200000 -2.200000 0.051020
v -22.000000 -2.200000 0.070627
v -21.800000 -2.200000 0.080431
v -21.600000 -2.200000 0.100039
v -21.400000 -2.200000 0.119647
v -21.200000 -2.200000 0.149059
v -23.000000 -2.000000 0.031412
v -22.800000 -2.000000 0.031412
v -22.600000 -2.000000 0.041216
v -22.400000 -2.000000 0.041216
v -22.200000 -2.000000 0.051020
v -22.000000 -2.000000 0.070627
v -21.800000 -2.000000 0.080431
v -21.600000 -2.000000 0.100039
v -21.400000 -2.000000 0.119647
v -21.200000 -2.000000 0.149059
v -23.000000 -1.800000 0.031412
v -22.800000 -1.800000 0.031412
v -22.600000 -1.800000 0.041216
v -22.400000 -1.800000 0.041216
v -22.200000 -1.800000 0.051020
v -22.000000 -1.800000 0.070627
v -21.800000 -1.800000 0.080431
v -21.600000 -1.800000 0.100039
v -21.400000 -1.800000 0.119647
v -21.200000 -1.800000 0.149059
v -21.000000 -1.800000 0.168667
v -23.000000 -1.600000 0.031412
v -22.800000 -1.600000 0.031412
v -22.600000 -1.600000 0.041216
v -22.400000 -1.600000 0.041216
v -22.200000 -1.600000 0.051020
v -22.000000 -1.600000 0.070627
v -21.800000 -1.600000 0.080431
v -21.600000 -1.600000 0.100039
v -21.400000 -1.600000 0.119647
v -21.200000 -1.600000 0.149059
v -21.000000 -1.600000 0.168667
v -23.000000 -1.400000 0.031412
v -22.800000 -1.400000 0.031412
v -22.600000 -1.400000 0.041216
v -22.400000 -1.400000 0.041216
v -22.200000 -1.400000 0.051020
v -22.000000 -1.400000 0.070627
v -21.800000 -1.400000 0.080431
v -21.600000 -1.400000 0.100039
v -21.400000 -1.400000 0.119647
v -21.200000 -1.400000 0.149059
v -21.000000 -1.400000 0.168667
v -22.800000 -1.200000 0.031412
v -22.600000 -1.200000 0.041216
v -22.400000 -1.200000 0.041216
v -22.200000 -1.200000 0.051020
v -22.000000 -1.200000 0.060824
v -21.800000 -1.200000 0.080431
v -21.600000 -1.200000 0.100039
v -21.400000 -1.200000 0.119647
v -22.200000 -1.000000 0.051020
v -22.000000 -1.000000 0.060824
v -21.800000 -1.000000 0.080431
v -21.600000 -1.000000 0.100039
v 14.400000 -2.600000 1.374549
v 14.600000 -2.600000 1.335333
v 14.800000 -2.600000 1.305922
v 15.000000 -2.600000 1.256902
v 14.200000 -2.400000 1.452980
v 14.400000 -2.400000 1.413765
v 14.600000 -2.400000 1.374549
v 14.800000 -2.400000 1.335333
v 15.000000 -2.400000 1.296118
v 15.200000 -2.400000 1.256902
v 13.800000 -2.200000 1.560824
v 14.000000 -2.200000 1.531412
v 14.200000 -2.200000 1.492196
v 14.400000 -2.200000 1.452980
v 14.600000 -2.200000 1.413765
v 14.800000 -2.200000 1.374549
v 15.000000 -2.200000 1.325529
v 15.200000 -2.200000 1.286314
v 15.400000 -2.200000 1.237294
v 15.600000 -2.200000 1.198078
v 13.600000 -2.000000 1.639255
v 13.800000 -2.000000 1.600039
v 14.000000 -2.000000 1.570627
v 14.200000 -2.000000 1.531412
v 14.400000 -2.000000 1.492196
v 14.600000 -2.000000 1.443176
v 14.800000 -2.000000 1.403961
v 15.000000 -2.000000 1.364745
v 15.200000 -2.000000 1.315725
v 15.400000 -2.000000 1.266706
v 15.600000 -2.000000 1.227490
v 13.600000 -1.800000 1.678471
v 13.800000 -1.800000 1.639255
v 14.000000 -1.800000 1.600039
v 14.200000 -1.800000 1.560824
v 14.400000 -1.800000 1.521608
v 14.600000 -1.800000 1.482392
v 14.800000 -1.800000 1.433373
v 15.000000 -1.800000 1.394157
v 15.200000 -1.800000 1.345137
v 15.400000 -1.800000 1.296118
v 15.600000 -1.800000 1.247098
v 13.600000 -1.600000 1.707882
v 13.800000 -1.600000 1.678471
v 14.000000 -1.600000 1.639255
v 14.200000 -1.600000 1.600039
v 14.400000 -1.600000 1.551020
v 14.600000 -1.600000 1.511804
v 14.800000 -1.600000 1.462784
v 15.000000 -1.600000 1.413765
v 15.200000 -1.600000 1.364745
v 15.400000 -1.600000 1.325529
v 15.600000 -1.600000 1.276510
v 13.800000 -1.400000 1.707882
v 14.000000 -1.400000 1.668667
v 14.200000 -1.400000 1.629451
v 14.400000 -1.400000 1.580431
v 14.600000 -1.400000 1.541216
v 14.800000 -1.400000 1.492196
v 15.000000 -1.400000 1.443176
v 15.200000 -1.400000 1.394157
v 15.400000 -1.400000 1.345137
v 15.600000 -1.400000 1.296118
v 13.800000 -1.200000 1.737294
v 14.000000 -1.200000 1.698078
v 14.200000 -1.200000 1.649059
v 14.400000 -1.200000 1.609843
v 14.600000 -1.200000 1.560824
v 14.800000 -1.200000 1.511804
v 15.000000 -1.200000 1.462784
v 15.200000 -1.200000 1.413765
v 15.400000 -1.200000 1.364745
v 13.800000 -1.000000 1.756902
v 14.000000 -1.000000 1.717686
v 14.200000 -1.000000 1.678471
v 14.400000 -1.000000 1.629451
v 14.600000 -1.000000 1.580431
v 14.800000 -1.000000 1.531412
v 15.000000 -1.000000 1.482392
v 15.200000 -1.000000 1.433373
v 15.400000 -1.000000 1.384353
v 14.600000 -0.800000 1.600039
v 14.800000 -0.800000 1.551020
v 10.000000 -3.200000 1.345137
v 10.200000 -3.200000 1.364745
v 10.400000 -3.200000 1.394157
v 10.600000 -3.200000 1.413765
v 10.800000 -3.200000 1.433373
v 11.000000 -3.200000 1.452980
v 9.800000 -3.000000 1.364745
v 10.000000 -3.000000 1.394157
v 10.200000 -3.000000 1.413765
v 10.400000 -3.000000 1.443176
v 10.600000 -3.000000 1.462784
v 10.800000 -3.000000 1.482392
v 11.000000 -3.000000 1.502000
v 11.200000 -3.000000 1.511804
v 11.400000 -3.000000 1.521608
v 9.400000 -2.800000 1.335333
v 9.600000 -2.800000 1.374549
v 9.800000 -2.800000 1.403961
v 10.000000 -2.800000 1.433373
v 10.200000 -2.800000 1.462784
v 10.400000 -2.800000 1.492196
v 10.600000 -2.800000 1.511804
v 10.800000 -2.800000 1.531412
v 11.000000 -2.800000 1.551020
v 11.200000 -2.800000 1.560824
v 11.400000 -2.800000 1.580431
v 11.600000 -2.800000 1.580431
v 9.400000 -2.600000 1.374549
v 9.600000 -2.600000 1.413765
v 9.800000 -2.600000 1.443176
v 10.000000 -2.600000 1.482392
v 10.200000 -2.600000 1.511804
v 10.400000 -2.600000 1.541216
v 10.600000 -2.600000 1.560824
v 10.800000 -2.600000 1.580431
v 11.000000 -2.600000 1.600039
v 11.200000 -2.600000 1.619647
v 11.400000 -2.600000 1.629451
v 11.600000 -2.600000 1.629451
v 9.200000 -2.400000 1.374549
v 9.400000 -2.400000 1.413765
v 9.600000 -2.400000 1.452980
v 9.800000 -2.400000 1.492196
v 10.000000 -2.400000 1.521608
v 10.200000 -2.400000 1.551020
v 10.400000 -2.400000 1.580431
v 10.600000 -2.400000 1.609843
v 10.800000 -2.400000 1.629451
v 11.000000 -2.400000 1.649059
v 11.200000 -2.400000 1.668667
v 11.400000 -2.400000 1.678471
v 11.600000 -2.400000 1.688275
v 9.200000 -2.200000 1.413765
v 9.400000 -2.200000 1.452980
v 9.600000 -2.200000 1.492196
v 9.800000 -2.200000 1.531412
v 10.000000 -2.200000 1.560824
v 10.200000 -2.200000 1.600039
v 10.400000 -2.200000 1.629451
v 10.600000 -2.200000 1.649059
v 10.800000 -2.200000 1.678471
v 11.000000 -2.200000 1.698078
v 11.200000 -2.200000 1.707882
v 11.400000 -2.200000 1.727490
v 11.600000 -2.200000 1.727490
v 9.400000 -2.000000 1.492196
v 9.600000 -2.000000 1.531412
v 9.800000 -2.000000 1.570627
v 10.000000 -2.000000 1.600039
v 10.200000 -2.000000 1.639255
v 10.400000 -2.000000 1.668667
v 10.600000 -2.000000 1.698078
v 10.800000 -2.000000 1.717686
v 11.000000 -2.000000 1.737294
v 11.200000 -2.000000 1.756902
v 11.400000 -2.000000 1.766706
v 11.600000 -2.000000 1.776510
v 9.600000 -1.800000 1.560824
v 9.800000 -1.800000 1.600039
v 10.000000 -1.800000 1.639255
v 10.200000 -1.800000 1.678471
v 10.400000 -1.800000 1.707882
v 10.600000 -1.800000 1.737294
v 10.800000 -1.800000 1.756902
v 11.000000 -1.800000 1.786314
v 11.200000 -1.800000 1.796118
v 11.400000 -1.800000 1.815725
v 9.600000 -1.600000 1.600039
v 9.800000 -1.600000 1.639255
v 10.000000 -1.600000 1.678471
v 10.200000 -1.600000 1.707882
v 10.400000 -1.600000 1.747098
v 10.600000 -1.600000 1.776510
v 10.800000 -1.600000 1.796118
v 11.000000 -1.600000 1.825529
v 11.200000 -1.600000 1.835333
v 11.400000 -1.600000 1.854941
v 9.600000 -1.400000 1.629451
v 9.800000 -1.400000 1.668667
v 10.000000 -1.400000 1.707882
v 10.200000 -1.400000 1.747098
v 10.400000 -1.400000 1.776510
v 10.600000 -1.400000 1.805922
v 10.800000 -1.400000 1.835333
v 11.000000 -1.400000 1.854941
v 11.200000 -1.400000 1.874549
v 11.400000 -1.400000 1.884353
v -4.200000 11.800000 0.227490
v -4.000000 11.800000 0.256902
v -3.800000 11.800000 0.296118
v -3.600000 11.800000 0.335333
v -3.400000 11.800000 0.374549
v -3.200000 11.800000 0.423569
v -4.400000 12.000000 0.188275
v -4.200000 12.000000 0.227490
v -4.000000 12.000000 0.256902
v -3.800000 12.000000 0.296118
v -3.600000 12.000000 0.335333
v -3.400000 12.000000 0.374549
v -3.200000 12.000000 0.423569
v -3.000000 12.000000 0.462784
v -4.400000 12.200000 0.188275
v -4.200000 12.200000 0.227490
v -4.000000 12.200000 0.256902
v -3.800000 12.200000 0.296118
v -3.600000 12.200000 0.335333
v -3.400000 12.200000 0.374549
v -3.200000 12.200000 0.423569
v -3.000000 12.200000 0.462784
v -2.800000 12.200000 0.502000
v -2.600000 12.200000 0.551020
v -4.600000 12.400000 0.158863
v -4.400000 12.400000 0.188275
v -4.200000 12.400000 0.227490
v -4.000000 12.400000 0.256902
v -3.800000 12.400000 0.296118
v -3.600000 12.400000 0.335333
v -3.400000 12.400000 0.374549
v -3.200000 12.400000 0.423569
v -3.000000 12.400000 0.462784
v -2.800000 12.400000 0.502000
v -2.600000 12.400000 0.551020
v -4.800000 12.600000 0.129451
v -4.600000 12.600000 0.158863
v -4.400000 12.600000 0.188275
v -4.200000 12.600000 0.227490
v -4.000000 12.600000 0.256902
v -3.800000 12.600000 0.296118
v -3.600000 12.600000 0.335333
v -3.400000 12.600000 0.374549
v -3.200000 12.600000 0.423569
v -3.000000 12.600000 0.462784
v -2.800000 12.600000 0.502000
v -2.600000 12.600000 0.551020
v -4.800000 12.800000 0.129451
v -4.600000 12.800000 0.158863
v -4.400000 12.800000 0.188275
v -4.200000 12.800000 0.227490
v -4.000000 12.800000 0.256902
v -3.800000 12.800000 0.296118
v -3.600000 12.800000 0.335333
v -3.400000 12.800000 0.374549
v -3.200000 12.800000 0.423569
v -3.000000 12.800000 0.462784
v -2.800000 12.800000 0.502000
v -2.600000 12.800000 0.551020
v -4.800000 13.000000 0.129451
v -4.600000 13.000000 0.158863
v -4.400000 13.000000 0.188275
v -4.200000 13.000000 0.217686
v -4.000000 13.000000 0.256902
v -3.800000 13.000000 0.296118
v -3.600000 13.000000 0.335333
v -3.400000 13.000000 0.374549
v -3.200000 13.000000 0.423569
v -3.000000 13.000000 0.462784
v -2.800000 13.000000 0.502000
v -2.600000 13.000000 0.551020
v -4.800000 13.200000 0.119647
v -4.600000 13.200000 0.149059
v -4.400000 13.200000 0.188275
v -4.200000 13.200000 0.217686
v -4.000000 13.200000 0.256902
v -3.800000 13.200000 0.296118
v -3.600000 13.200000 0.335333
v -3.400000 13.200000 0.374549
v -3.200000 13.200000 0.423569
v -3.000000 13.200000 0.462784
v -2.800000 13.200000 0.502000
v -2.600000 13.200000 0.551020
v -4.800000 13.400000 0.119647
v -4.600000 13.400000 0.149059
v -4.400000 13.400000 0.188275
v -4.200000 13.400000 0.217686
v -4.000000 13.400000 0.256902
v -3.800000 13.400000 0.296118
v -3.600000 13.400000 0.335333
v -3.400000 13.400000 0.374549
v -3.200000 13.400000 0.423569
v -3.000000 13.400000 0.462784
v -2.800000 13.400000 0.502000
v -2.600000 13.400000 0.541216
v -4.600000 13.600000 0.149059
v -4.400000 13.600000 0.188275
v -4.200000 13.600000 0.217686
v -4.000000 13.600000 0.256902
v -3.800000 13.600000 0.296118
v -3.600000 13.600000 0.335333
v -3.400000 13.600000 0.374549
v -3.200000 13.600000 0.423569
v -3.000000 13.600000 0.462784
v -2.800000 13.600000 0.502000
v -2.600000 13.600000 0.541216
v -4.400000 13.800000 0.188275
v -4.200000 13.800000 0.217686
v -4.000000 13.800000 0.256902
v -3.800000 13.800000 0.296118
v -3.600000 13.800000 0.335333
v -3.400000 13.800000 0.374549
v -3.200000 13.800000 0.423569
v -3.000000 13.800000 0.462784
v -2.800000 13.800000 0.502000
v -4.400000 14.000000 0.178471
v -4.200000 14.000000 0.217686
v -4.000000 14.000000 0.256902
v -3.800000 14.000000 0.296118
v -3.600000 14.000000 0.335333
v -3.400000 14.000000 0.374549
v -3.200000 14.000000 0.413765
v -3.000000 14.000000 0.462784
v -2.800000 14.000000 0.502000
v -4.200000 14.200000 0.217686
v -4.000000 14.200000 0.256902
v -3.800000 14.200000 0.296118
v -3.600000 14.200000 0.335333
v -3.400000 14.200000 0.374549
v -8.000000 -3.400000 1.198078
v -7.800000 -3.400000 1.149059
v -7.600000 -3.400000 1.100039
v -8.800000 -3.200000 1.413765
v -8.600000 -3.200000 1.364745
v -8.400000 -3.200000 1.315725
v -8.200000 -3.200000 1.266706
v -8.000000 -3.200000 1.217686
v -7.800000 -3.200000 1.168667
v -7.600000 -3.200000 1.119647
v -7.400000 -3.200000 1.070627
v -9.000000 -3.000000 1.482392
v -8.800000 -3.000000 1.433373
v -8.600000 -3.000000 1.384353
v -8.400000 -3.000000 1.325529
v -8.200000 -3.000000 1.276510
v -8.000000 -3.000000 1.227490
v -7.800000 -3.000000 1.178471
v -7.600000 -3.000000 1.129451
v -7.400000 -3.000000 1.080431
v -7.200000 -3.000000 1.031412
v -9.000000 -2.800000 1.502000
v -8.800000 -2.800000 1.452980
v -8.600000 -2.800000 1.394157
v -8.400000 -2.800000 1.345137
v -8.200000 -2.800000 1.296118
v -8.000000 -2.800000 1.237294
v -7.800000 -2.800000 1.188275
v -7.600000 -2.800000 1.139255
v -7.400000 -2.800000 1.090235
v -7.200000 -2.800000 1.041216
v -7.000000 -2.800000 0.992196
v -9.000000 -2.600000 1.511804
v -8.800000 -2.600000 1.462784
v -8.600000 -2.600000 1.403961
v -8.400000 -2.600000 1.354941
v -8.200000 -2.600000 1.305922
v -8.000000 -2.600000 1.247098
v -7.800000 -2.600000 1.198078
v -7.600000 -2.600000 1.149059
v -7.400000 -2.600000 1.100039
v -7.200000 -2.600000 1.051020
v -7.000000 -2.600000 1.002000
v -6.800000 -2.600000 0.952980
v -9.200000 -2.400000 1.580431
v -9.000000 -2.400000 1.521608
v -8.800000 -2.400000 1.472588
v -8.600000 -2.400000 1.413765
v -8.400000 -2.400000 1.364745
v -8.200000 -2.400000 1.315725
v -8.000000 -2.400000 1.256902
v -7.800000 -2.400000 1.207882
v -7.600000 -2.400000 1.158863
v -7.400000 -2.400000 1.109843
v -7.200000 -2.400000 1.051020
v -7.000000 -2.400000 1.002000
v -6.800000 -2.400000 0.952980
v -9.200000 -2.200000 1.580431
v -9.000000 -2.200000 1.531412
v -8.800000 -2.200000 1.472588
v -8.600000 -2.200000 1.423569
v -8.400000 -2.200000 1.374549
v -8.200000 -2.200000 1.315725
v -8.000000 -2.200000 1.266706
v -7.800000 -2.200000 1.207882
v -7.600000 -2.200000 1.158863
v -7.400000 -2.200000 1.109843
v -7.200000 -2.200000 1.060824
v -7.000000 -2.200000 1.011804
v -6.800000 -2.200000 0.962784
v -9.000000 -2.000000 1.531412
v -8.800000 -2.000000 1.482392
v -8.600000 -2.000000 1.423569
v -8.400000 -2.000000 1.374549
v -8.200000 -2.000000 1.315725
v -8.000000 -2.000000 1.266706
v -7.800000 -2.000000 1.217686
v -7.600000 -2.000000 1.158863
v -7.400000 -2.000000 1.109843
v -7.200000 -2.000000 1.060824
v -7.000000 -2.000000 1.011804
v -9.000000 -1.800000 1.531412
v -8.800000 -1.800000 1.482392
v -8.600000 -1.800000 1.423569
v -8.400000 -1.800000 1.374549
v -8.200000 -1.800000 1.315725
v -8.000000 -1.800000 1.266706
v -7.800000 -1.800000 1.217686
v -7.600000 -1.800000 1.158863
v -7.400000 -1.800000 1.109843
v -7.200000 -1.800000 1.060824
v -8.400000 -1.600000 1.374549
v -8.200000 -1.600000 1.315725
v -8.000000 -1.600000 1.266706
v -7.800000 -1.600000 1.207882
v -7.600000 -1.600000 1.158863
v -7.400000 -1.600000 1.109843
v -6.600000 5.600000 0.158863
v -6.400000 5.600000 0.149059
v -6.200000 5.600000 0.149059
v -6.000000 5.600000 0.139255
v -5.800000 5.600000 0.139255
v -6.800000 5.800000 0.158863
v -6.600000 5.800000 0.149059
v -6.400000 5.800000 0.139255
v -6.200000 5.800000 0.129451
v -6.000000 5.800000 0.129451
v -5.800000 5.800000 0.129451
v -5.600000 5.800000 0.129451
v -5.400000 5.800000 0.139255
v -7.000000 6.000000 0.149059
v -6.800000 6.000000 0.139255
v -6.600000 6.000000 0.129451
v -6.400000 6.000000 0.129451
v -6.200000 6.000000 0.119647
v -6.000000 6.000000 0.119647
v -5.800000 6.000000 0.119647
v -5.600000 6.000000 0.129451
v -5.400000 6.000000 0.139255
v -7.000000 6.200000 0.129451
v -6.800000 6.200000 0.119647
v -6.600000 6.200000 0.119647
v -6.400000 6.200000 0.109843
v -6.200000 6.200000 0.109843
v -6.000000 6.200000 0.109843
v -5.800000 6.200000 0.119647
v -5.600000 6.200000 0.119647
v -5.400000 6.200000 0.129451
v -7.000000 6.400000 0.109843
v -6.800000 6.400000 0.109843
v -6.600000 6.400000 0.109843
v -6.400000 6.400000 0.100039
v -6.200000 6.400000 0.100039
v -6.000000 6.400000 0.109843
v -5.800000 6.400000 0.109843
v -5.600000 6.400000 0.119647
v -5.400000 6.400000 0.129451
v -7.000000 6.600000 0.100039
v -6.800000 6.600000 0.100039
v -6.600000 6.600000 0.090235
v -6.400000 6.600000 0.090235
v -6.200000 6.600000 0.100039
v -6.000000 6.600000 0.100039
v -5.800000 6.600000 0.109843
v -5.600000 6.600000 0.119647
v -5.400000 6.600000 0.129451
v -6.800000 6.800000 0.080431
v -6.600000 6.800000 0.080431
v -6.400000 6.800000 0.090235
v -6.200000 6.800000 0.090235
v -6.000000 6.800000 0.100039
v -5.800000 6.800000 0.109843
v -5.600000 6.800000 0.119647
v -5.400000 6.800000 0.129451
v -6.600000 7.000000 0.080431
v -6.400000 7.000000 0.080431
v -6.200000 7.000000 0.080431
v -6.000000 7.000000 0.090235
v -11.800000 -10.400000 0.227490
v -11.600000 -10.400000 0.227490
v -11.400000 -10.400000 0.227490
v -12.000000 -10.200000 0.266706
v -11.800000 -10.200000 0.266706
v -11.600000 -10.200000 0.256902
v -11.400000 -10.200000 0.256902
v -11.200000 -10.200000 0.256902
v -11.000000 -10.200000 0.247098
v -10.800000 -10.200000 0.247098
v -12.200000 -10.000000 0.325529
v -12.000000 -10.000000 0.325529
v -11.800000 -10.000000 0.325529
v -11.600000 -10.000000 0.325529
v -11.400000 -10.000000 0.325529
v -11.200000 -10.000000 0.305922
v -11.000000 -10.000000 0.305922
v -10.800000 -10.000000 0.286314
v -10.600000 -10.000000 0.266706
v -10.400000 -10.000000 0.266706
v -12.400000 -9.800000 0.403961
v -12.200000 -9.800000 0.403961
v -12.000000 -9.800000 0.403961
v -11.800000 -9.800000 0.403961
v -11.600000 -9.800000 0.384353
v -11.400000 -9.800000 0.384353
v -11.200000 -9.800000 0.384353
v -11.000000 -9.800000 0.364745
v -10.800000 -9.800000 0.364745
v -10.600000 -9.800000 0.345137
v -10.400000 -9.800000 0.325529
v -10.200000 -9.800000 0.305922
v -12.600000 -9.600000 0.452980
v -12.400000 -9.600000 0.462784
v -12.200000 -9.600000 0.462784
v -12.000000 -9.600000 0.462784
v -11.800000 -9.600000 0.462784
v -11.600000 -9.600000 0.452980
v -11.400000 -9.600000 0.452980
v -11.200000 -9.600000 0.443176
v -11.000000 -9.600000 0.433373
v -10.800000 -9.600000 0.413765
v -10.600000 -9.600000 0.413765
v -10.400000 -9.600000 0.394157
v -10.200000 -9.600000 0.374549
v -12.600000 -9.400000 0.511804
v -12.400000 -9.400000 0.511804
v -12.200000 -9.400000 0.511804
v -12.000000 -9.400000 0.511804
v -11.800000 -9.400000 0.511804
v -11.600000 -9.400000 0.511804
v -11.400000 -9.400000 0.502000
v -11.200000 -9.400000 0.502000
v -11.000000 -9.400000 0.492196
v -10.800000 -9.400000 0.472588
v -10.600000 -9.400000 0.472588
v -10.400000 -9.400000 0.452980
v -12.600000 -9.200000 0.541216
v -12.400000 -9.200000 0.541216
v -12.200000 -9.200000 0.541216
v -12.000000 -9.200000 0.541216
v -11.800000 -9.200000 0.541216
v -11.600000 -9.200000 0.541216
v -11.400000 -9.200000 0.531412
v -11.200000 -9.200000 0.531412
v -11.000000 -9.200000 0.521608
v -10.800000 -9.200000 0.521608
v -10.600000 -9.200000 0.511804
v -10.400000 -9.200000 0.502000
v -10.200000 -9.200000 0.492196
v -12.600000 -9.000000 0.570627
v -12.400000 -9.000000 0.580431
v -12.200000 -9.000000 0.580431
v -12.000000 -9.000000 0.580431
v -11.800000 -9.000000 0.580431
v -11.600000 -9.000000 0.570627
v -11.400000 -9.000000 0.570627
v -11.200000 -9.000000 0.560824
v -11.000000 -9.000000 0.560824
v -10.800000 -9.000000 0.551020
v -10.600000 -9.000000 0.541216
v -10.400000 -9.000000 0.531412
v -10.200000 -9.000000 0.521608
v -12.400000 -8.800000 0.609843
v -12.200000 -8.800000 0.609843
v -12.000000 -8.800000 0.609843
v -11.800000 -8.800000 0.609843
v -11.600000 -8.800000 0.609843
v -11.400000 -8.800000 0.609843
v -11.200000 -8.800000 0.600039
v -11.000000 -8.800000 0.590235
v -10.800000 -8.800000 0.590235
v -10.600000 -8.800000 0.580431
v -10.400000 -8.800000 0.570627
v -12.200000 -8.600000 0.649059
v -12.000000 -8.600000 0.649059
v -11.800000 -8.600000 0.649059
v -11.600000 -8.600000 0.649059
v -11.400000 -8.600000 0.639255
v -11.200000 -8.600000 0.639255
v -11.000000 -8.600000 0.629451
v -10.800000 -8.600000 0.619647
v -10.600000 -8.600000 0.619647
v -10.400000 -8.600000 0.600039
v -12.200000 -8.400000 0.688275
v -12.000000 -8.400000 0.688275
v -11.800000 -8.400000 0.688275
v -11.600000 -8.400000 0.688275
v -11.400000 -8.400000 0.688275
v -11.200000 -8.400000 0.678471
v -11.000000 -8.400000 0.668667
v -10.800000 -8.400000 0.658863
v -10.600000 -8.400000 0.649059
v -11.600000 -8.200000 0.727490
v -11.400000 -8.200000 0.727490
vt -0.346814 -0.558298
vt -0.246814 -0.558298
vt -0.146814 -0.558298
vt -0.046814 -0.558298
vt 0.053186 -0.558298
vt -0.346814 -0.458298
vt -0.246814 -0.458298
vt -0.146814 -0.458298
vt -0.046814 -0.458298
vt 0.053186 -0.458298
vt 0.153186 -0.458298
vt 0.253186 -0.458298
vt 0.353186 -0.458298
vt -0.446814 -0.358298
vt -0.346814 -0.358298
vt -0.246814 -0.358298
vt -0.146814 -0.358298
vt -0.046814 -0.358298
vt 0.053186 -0.358298
vt 0.153186 -0.358298
vt 0.253186 -0.358298
vt 0.353186 -0.358298
vt 0.453186 -0.358298
vt 0.553186 -0.358298
vt 0.653186 -0.358298
vt -0.646814 -0.258298
vt -0.546814 -0.258298
vt -0.446814 -0.258298
vt -0.346814 -0.258298
vt -0.246814 -0.258298
vt -0.146814 -0.258298
vt -0.046814 -0.258298
vt 0.053186 -0.258298
vt 0.153186 -0.258298
vt 0.253186 -0.258298
vt 0.353186 -0.258298
vt 0.453186 -0.258298
vt 0.553186 -0.258298
vt 0.653186 -0.258298
vt -0.646814 -0.158298
vt -0.546814 -0.158298
vt -0.446814 -0.158298
vt -0.346814 -0.158298
vt -0.246814 -0.158298
vt -0.146814 -0.158298
vt -0.046814 -0.158298
vt 0.053186 -0.158298
vt 0.153186 -0.158298
vt 0.253186 -0.158298
vt 0.353186 -0.158298
vt 0.453186 -0.158298
vt 0.553186 -0.158298
vt 0.653186 -0.158298
vt -0.746814 -0.058298
vt -0.646814 -0.058298
vt -0.546814 -0.058298
vt -0.446814 -0.058298
vt -0.346814 -0.058298
vt -0.246814 -0.058298
vt -0.146814 -0.058298
vt -0.046814 -0.058298
vt 0.053186 -0.058298
vt 0.153186 -0.058298
vt 0.253186 -0.058298
vt 0.353186 -0.058298
vt 0.453186 -0.058298
vt 0.553186 -0.058298
vt 0.653186 -0.058298
vt -0.746814 0.041702
vt -0.646814 0.041702
vt -0.546814 0.041702
vt -0.446814 0.041702
vt -0.346814 0.041702
vt -0.246814 0.041702
vt -0.146814 0.041702
vt -0.046814 0.041702
vt 0.053186 0.041702
vt 0.153186 0.041702
vt 0.253186 0.041702
vt 0.353186 0.041702
vt 0.453186 0.041702
vt 0.553186 0.041702
vt 0.653186 0.041702
vt -0.746814 0.141702
vt -0.646814 0.141702
vt -0.546814 0.141702
vt -0.446814 0.141702
vt -0.346814 0.141702
vt -0.246814 0.141702
vt -0.146814 0.141702
vt -0.046814 0.141702
vt 0.053186 0.141702
vt 0.153186 0.141702
vt 0.253186 0.141702
vt 0.353186 0.141702
vt 0.453186 0.141702
vt 0.553186 0.141702
vt 0.653186 0.141702
vt -0.546814 0.241702
vt -0.446814 0.241702
vt -0.346814 0.241702
vt -0.246814 0.241702
vt -0.146814 0.241702
vt -0.046814 0.241702
vt 0.053186 0.241702
vt 0.153186 0.241702
vt 0.253186 0.241702
vt 0.353186 0.241702
vt 0.453186 0.241702
vt 0.553186 0.241702
vt 0.653186 0.241702
vt -0.446814 0.341702
vt -0.346814 0.341702
vt -0.246814 0.341702
vt -0.146814 0.341702
vt -0.046814 0.341702
vt 0.053186 0.341702
vt 0.153186 0.341702
vt 0.253186 0.341702
vt 0.353186 0.341702
vt 0.453186 0.341702
vt 0.553186 0.341702
vt -0.446814 0.441702
vt -0.346814 0.441702
vt -0.246814 0.441702
vt -0.146814 0.441702
vt -0.046814 0.441702
vt 0.053186 0.441702
vt 0.153186 0.441702
vt 0.253186 0.441702
vt 0.353186 0.441702
vt 0.453186 0.441702
vt 0.553186 0.441702
vt -0.346814 0.541702
vt -0.246814 0.541702
vt -0.146814 0.541702
vt -0.046814 0.541702
vt 0.053186 0.541702
vt 0.153186 0.541702
vt -0.229519 -0.507659
vt -0.129519 -0.507659
vt -0.029519 -0.507659
vt -0.229519 -0.407659
vt -0.129519 -0.407659
vt -0.029519 -0.407659
vt 0.070481 -0.407659
vt 0.170481 -0.407659
vt 0.270481 -0.407659
vt -0.329519 -0.307659
vt -0.229519 -0.307659
vt -0.129519 -0.307659
vt -0.029519 -0.307659
vt 0.070481 -0.307659
vt 0.170481 -0.307659
vt 0.270481 -0.307659
vt 0.370481 -0.307659
vt -0.329519 -0.207659
vt -0.229519 -0.207659
vt -0.129519 -0.207659
vt -0.029519 -0.207659
vt 0.070481 -0.207659
vt 0.170481 -0.207659
vt 0.270481 -0.207659
vt 0.370481 -0.207659
vt -0.429519 -0.107659
vt -0.329519 -0.107659
vt -0.229519 -0.107659
vt -0.129519 -0.107659
vt -0.029519 -0.107659
vt 0.070481 -0.107659
vt 0.170481 -0.107659
vt 0.270481 -0.107659
vt 0.370481 -0.107659
vt -0.429519 -0.007659
vt -0.329519 -0.007659
vt -0.229519 -0.007659
vt -0.129519 -0.007659
vt -0.029519 -0.007659
vt 0.070481 -0.007659
vt 0.170481 -0.007659
vt 0.270481 -0.007659
vt 0.370481 -0.007659
vt -0.429519 0.092341
vt -0.329519 0.092341
vt -0.229519 0.092341
vt -0.129519 0.092341
vt -0.029519 0.092341
vt 0.070481 0.092341
vt 0.170481 0.092341
vt 0.270481 0.092341
vt 0.370481 0.092341
vt -0.429519 0.192341
vt -0.329519 0.192341
vt -0.229519 0.192341
vt -0.129519 0.192341
vt -0.029519 0.192341
vt 0.070481 0.192341
vt 0.170481 0.192341
vt 0.270481 0.192341
vt 0.370481 0.192341
vt -0.329519 0.292341
vt -0.229519 0.292341
vt -0.129519 0.292341
vt -0.029519 0.292341
vt 0.070481 0.292341
vt 0.170481 0.292341
vt 0.270481 0.292341
vt 0.370481 0.292341
vt -0.229519 0.392341
vt -0.129519 0.392341
vt -0.029519 0.392341
vt 0.070481 0.392341
vt 0.170481 0.392341
vt 0.270481 0.392341
vt -0.129519 0.492341
vt -0.029519 0.492341
vt 0.070481 0.492341
vt -0.172801 -0.339699
vt -0.072801 -0.339699
vt 0.027199 -0.339699
vt 0.127199 -0.339699
vt 0.227199 -0.339699
vt -0.472801 -0.239699
vt -0.372801 -0.239699
vt -0.272801 -0.239699
vt -0.172801 -0.239699
vt -0.072801 -0.239699
vt 0.027199 -0.239699
vt 0.127199 -0.239699
vt 0.227199 -0.239699
vt 0.327199 -0.239699
vt 0.427199 -0.239699
vt -0.472801 -0.139699
vt -0.372801 -0.139699
vt -0.272801 -0.139699
vt -0.172801 -0.139699
vt -0.072801 -0.139699
vt 0.027199 -0.139699
vt 0.127199 -0.139699
vt 0.227199 -0.139699
vt 0.327199 -0.139699
vt 0.427199 -0.139699
vt -0.472801 -0.039699
vt -0.372801 -0.039699
vt -0.272801 -0.039699
vt -0.172801 -0.039699
vt -0.072801 -0.039699
vt 0.027199 -0.039699
vt 0.127199 -0.039699
vt 0.227199 -0.039699
vt 0.327199 -0.039699
vt 0.427199 -0.039699
vt 0.527199 -0.039699
vt -0.472801 0.060301
vt -0.372801 0.060301
vt -0.272801 0.060301
vt -0.172801 0.060301
vt -0.072801 0.060301
vt 0.027199 0.060301
vt 0.127199 0.060301
vt 0.227199 0.060301
vt 0.327199 0.060301
vt 0.427199 0.060301
vt 0.527199 0.060301
vt -0.472801 0.160301
vt -0.372801 0.160301
vt -0.272801 0.160301
vt -0.172801 0.160301
vt -0.072801 0.160301
vt 0.027199 0.160301
vt 0.127199 0.160301
vt 0.227199 0.160301
vt 0.327199 0.160301
vt 0.427199 0.160301
vt 0.527199 0.160301
vt -0.372801 0.260301
vt -0.272801 0.260301
vt -0.172801 0.260301
vt -0.072801 0.260301
vt 0.027199 0.260301
vt 0.127199 0.260301
vt 0.227199 0.260301
vt 0.327199 0.260301
vt -0.072801 0.360301
vt 0.027199 0.360301
vt 0.127199 0.360301
vt 0.227199 0.360301
vt -0.107206 -0.457105
vt -0.007206 -0.457105
vt 0.092794 -0.457105
vt 0.192794 -0.457105
vt -0.207206 -0.357105
vt -0.107206 -0.357105
vt -0.007206 -0.357105
vt 0.092794 -0.357105
vt 0.192794 -0.357105
vt 0.292794 -0.357105
vt -0.407206 -0.257105
vt -0.307206 -0.257105
vt -0.207206 -0.257105
vt -0.107206 -0.257105
vt -0.007206 -0.257105
vt 0.092794 -0.257105
vt 0.192794 -0.257105
vt 0.292794 -0.257105
vt 0.392794 -0.257105
vt 0.492794 -0.257105
vt -0.507206 -0.157105
vt -0.407206 -0.157105
vt -0.307206 -0.157105
vt -0.207206 -0.157105
vt -0.107206 -0.157105
vt -0.007206 -0.157105
vt 0.092794 -0.157105
vt 0.192794 -0.157105
vt 0.292794 -0.157105
vt 0.392794 -0.157105
vt 0.492794 -0.157105
vt -0.507206 -0.057105
vt -0.407206 -0.057105
vt -0.307206 -0.057105
vt -0.207206 -0.057105
vt -0.107206 -0.057105
vt -0.007206 -0.057105
vt 0.092794 -0.057105
vt 0.192794 -0.057105
vt 0.292794 -0.057105
vt 0.392794 -0.057105
vt 0.492794 -0.057105
vt -0.507206 0.042895
vt -0.407206 0.042895
vt -0.307206 0.042895
vt -0.207206 0.042895
vt -0.107206 0.042895
vt -0.007206 0.042895
vt 0.092794 0.042895
vt 0.192794 0.042895
vt 0.292794 0.042895
vt 0.392794 0.042895
vt 0.492794 0.042895
vt -0.407206 0.142895
vt -0.307206 0.142895
vt -0.207206 0.142895
vt -0.107206 0.142895
vt -0.007206 0.142895
vt 0.092794 0.142895
vt 0.192794 0.142895
vt 0.292794 0.142895
vt 0.392794 0.142895
vt 0.492794 0.142895
vt -0.407206 0.242895
vt -0.307206 0.242895
vt -0.207206 0.242895
vt -0.107206 0.242895
vt -0.007206 0.242895
vt 0.092794 0.242895
vt 0.192794 0.242895
vt 0.292794 0.242895
vt 0.392794 0.242895
vt -0.407206 0.342895
vt -0.307206 0.342895
vt -0.207206 0.342895
vt -0.107206 0.342895
vt -0.007206 0.342895
vt 0.092794 0.342895
vt 0.192794 0.342895
vt 0.292794 0.342895
vt 0.392794 0.342895
vt -0.007206 0.442895
vt 0.092794 0.442895
vt -0.232066 -0.467129
vt -0.132066 -0.467129
vt -0.032066 -0.467129
vt 0.067934 -0.467129
vt 0.167934 -0.467129
vt 0.267934 -0.467129
vt -0.332066 -0.367129
vt -0.232066 -0.367129
vt -0.132066 -0.367129
vt -0.032066 -0.367129
vt 0.067934 -0.367129
vt 0.167934 -0.367129
vt 0.267934 -0.367129
vt 0.367934 -0.367129
vt 0.467934 -0.367129
vt -0.532066 -0.267129
vt -0.432066 -0.267129
vt -0.332066 -0.267129
vt -0.232066 -0.267129
vt -0.132066 -0.267129
vt -0.032066 -0.267129
vt 0.067934 -0.267129
vt 0.167934 -0.267129
vt 0.267934 -0.267129
vt 0.367934 -0.267129
vt 0.467934 -0.267129
vt 0.567934 -0.267129
vt -0.532066 -0.167129
vt -0.432066 -0.167129
vt -0.332066 -0.167129
vt -0.232066 -0.167129
vt -0.132066 -0.167129
vt -0.032066 -0.167129
vt 0.067934 -0.167129
vt 0.167934 -0.167129
vt 0.267934 -0.167129
vt 0.367934 -0.167129
vt 0.467934 -0.167129
vt 0.567934 -0.167129
vt -0.632066 -0.067129
vt -0.532066 -0.067129
vt -0.432066 -0.067129
vt -0.332066 -0.067129
vt -0.232066 -0.067129
vt -0.132066 -0.067129
vt -0.032066 -0.067129
vt 0.067934 -0.067129
vt 0.167934 -0.067129
vt 0.267934 -0.067129
vt 0.367934 -0.067129
vt 0.467934 -0.067129
vt 0.567934 -0.067129
vt -0.632066 0.032871
vt -0.532066 0.032871
vt -0.432066 0.032871
vt -0.332066 0.032871
vt -0.232066 0.032871
vt -0.132066 0.032871
vt -0.032066 0.032871
vt 0.067934 0.032871
vt 0.167934 0.032871
vt 0.267934 0.032871
vt 0.367934 0.032871
vt 0.467934 0.032871
vt 0.567934 0.032871
vt -0.532066 0.132871
vt -0.432066 0.132871
vt -0.332066 0.132871
vt -0.232066 0.132871
vt -0.132066 0.132871
vt -0.032066 0.132871
vt 0.067934 0.132871
vt 0.167934 0.132871
vt 0.267934 0.132871
vt 0.367934 0.132871
vt 0.467934 0.132871
vt 0.567934 0.132871
vt -0.432066 0.232871
vt -0.332066 0.232871
vt -0.232066 0.232871
vt -0.132066 0.232871
vt -0.032066 0.232871
vt 0.067934 0.232871
vt 0.167934 0.232871
vt 0.267934 0.232871
vt 0.367934 0.232871
vt 0.467934 0.232871
vt -0.432066 0.332871
vt -0.332066 0.332871
vt -0.232066 0.332871
vt -0.132066 0.332871
vt -0.032066 0.332871
vt 0.067934 0.332871
vt 0.167934 0.332871
vt 0.267934 0.332871
vt 0.367934 0.332871
vt 0.467934 0.332871
vt -0.432066 0.432871
vt -0.332066 0.432871
vt -0.232066 0.432871
vt -0.132066 0.432871
vt -0.032066 0.432871
vt 0.067934 0.432871
vt 0.167934 0.432871
vt 0.267934 0.432871
vt 0.367934 0.432871
vt 0.467934 0.432871
vt -0.274383 -0.591642
vt -0.174383 -0.591642
vt -0.074383 -0.591642
vt 0.025617 -0.591642
vt 0.125617 -0.591642
vt 0.225617 -0.591642
vt -0.374383 -0.491642
vt -0.274383 -0.491642
vt -0.174383 -0.491642
vt -0.074383 -0.491642
vt 0.025617 -0.491642
vt 0.125617 -0.491642
vt 0.225617 -0.491642
vt 0.325617 -0.491642
vt -0.374383 -0.391642
vt -0.274383 -0.391642
vt -0.174383 -0.391642
vt -0.074383 -0.391642
vt 0.025617 -0.391642
vt 0.125617 -0.391642
vt 0.225617 -0.391642
vt 0.325617 -0.391642
vt 0.425617 -0.391642
vt 0.525617 -0.391642
vt -0.474383 -0.291642
vt -0.374383 -0.291642
vt -0.274383 -0.291642
vt -0.174383 -0.291642
vt -0.074383 -0.291642
vt 0.025617 -0.291642
vt 0.125617 -0.291642
vt 0.225617 -0.291642
vt 0.325617 -0.291642
vt 0.425617 -0.291642
vt 0.525617 -0.291642
vt -0.574383 -0.191642
vt -0.474383 -0.191642
vt -0.374383 -0.191642
vt -0.274383 -0.191642
vt -0.174383 -0.191642
vt -0.074383 -0.191642
vt 0.025617 -0.191642
vt 0.125617 -0.191642
vt 0.225617 -0.191642
vt 0.325617 -0.191642
vt 0.425617 -0.191642
vt 0.525617 -0.191642
vt -0.574383 -0.091642
vt -0.474383 -0.091642
vt -0.374383 -0.091642
vt -0.274383 -0.091642
vt -0.174383 -0.091642
vt -0.074383 -0.091642
vt 0.025617 -0.091642
vt 0.125617 -0.091642
vt 0.225617 -0.091642
vt 0.325617 -0.091642
vt 0.425617 -0.091642
vt 0.525617 -0.091642
vt -0.574383 0.008358
vt -0.474383 0.008358
vt -0.374383 0.008358
vt -0.274383 0.008358
vt -0.174383 0.008358
vt -0.074383 0.008358
vt 0.025617 0.008358
vt 0.125617 0.008358
vt 0.225617 0.008358
vt 0.325617 0.008358
vt 0.425617 0.008358
vt 0.525617 0.008358
vt -0.574383 0.108358
vt -0.474383 0.108358
vt -0.374383 0.108358
vt -0.274383 0.108358
vt -0.174383 0.108358
vt -0.074383 0.108358
vt 0.025617 0.108358
vt 0.125617 0.108358
vt 0.225617 0.108358
vt 0.325617 0.108358
vt 0.425617 0.108358
vt 0.525617 0.108358
vt -0.574383 0.208358
vt -0.474383 0.208358
vt -0.374383 0.208358
vt -0.274383 0.208358
vt -0.174383 0.208358
vt -0.074383 0.208358
vt 0.025617 0.208358
vt 0.125617 0.208358
vt 0.225617 0.208358
vt 0.325617 0.208358
vt 0.425617 0.208358
vt 0.525617 0.208358
vt -0.474383 0.308358
vt -0.374383 0.308358
vt -0.274383 0.308358
vt -0.174383 0.308358
vt -0.074383 0.308358
vt 0.025617 0.308358
vt 0.125617 0.308358
vt 0.225617 0.308358
vt 0.325617 0.308358
vt 0.425617 0.308358
vt 0.525617 0.308358
vt -0.374383 0.408358
vt -0.274383 0.408358
vt -0.174383 0.408358
vt -0.074383 0.408358
vt 0.025617 0.408358
vt 0.125617 0.408358
vt 0.225617 0.408358
vt 0.325617 0.408358
vt 0.425617 0.408358
vt -0.374383 0.508358
vt -0.274383 0.508358
vt -0.174383 0.508358
vt -0.074383 0.508358
vt 0.025617 0.508358
vt 0.125617 0.508358
vt 0.225617 0.508358
vt 0.325617 0.508358
vt 0.425617 0.508358
vt -0.274383 0.608358
vt -0.174383 0.608358
vt -0.074383 0.608358
vt 0.025617 0.608358
vt 0.125617 0.608358
vt 0.009290 -0.480154
vt 0.109290 -0.480154
vt 0.209290 -0.480154
vt -0.390710 -0.380154
vt -0.290710 -0.380154
vt -0.190710 -0.380154
vt -0.090710 -0.380154
vt 0.009290 -0.380154
vt 0.109290 -0.380154
vt 0.209290 -0.380154
vt 0.309290 -0.380154
vt -0.490710 -0.280154
vt -0.390710 -0.280154
vt -0.290710 -0.280154
vt -0.190710 -0.280154
vt -0.090710 -0.280154
vt 0.009290 -0.280154
vt 0.109290 -0.280154
vt 0.209290 -0.280154
vt 0.309290 -0.280154
vt 0.409290 -0.280154
vt -0.490710 -0.180154
vt -0.390710 -0.180154
vt -0.290710 -0.180154
vt -0.190710 -0.180154
vt -0.090710 -0.180154
vt 0.009290 -0.180154
vt 0.109290 -0.180154
vt 0.209290 -0.180154
vt 0.309290 -0.180154
vt 0.409290 -0.180154
vt 0.509290 -0.180154
vt -0.490710 -0.080154
vt -0.390710 -0.080154
vt -0.290710 -0.080154
vt -0.190710 -0.080154
vt -0.090710 -0.080154
vt 0.009290 -0.080154
vt 0.109290 -0.080154
vt 0.209290 -0.080154
vt 0.309290 -0.080154
vt 0.409290 -0.080154
vt 0.509290 -0.080154
vt 0.609290 -0.080154
vt -0.590710 0.019846
vt -0.490710 0.019846
vt -0.390710 0.019846
vt -0.290710 0.019846
vt -0.190710 0.019846
vt -0.090710 0.019846
vt 0.009290 0.019846
vt 0.109290 0.019846
vt 0.209290 0.019846
vt 0.309290 0.019846
vt 0.409290 0.019846
vt 0.509290 0.019846
vt 0.609290 0.019846
vt -0.590710 0.119846
vt -0.490710 0.119846
vt -0.390710 0.119846
vt -0.290710 0.119846
vt -0.190710 0.119846
vt -0.090710 0.119846
vt 0.009290 0.119846
vt 0.109290 0.119846
vt 0.209290 0.119846
vt 0.309290 0.119846
vt 0.409290 0.119846
vt 0.509290 0.119846
vt 0.609290 0.119846
vt -0.490710 0.219846
vt -0.390710 0.219846
vt -0.290710 0.219846
vt -0.190710 0.219846
vt -0.090710 0.219846
vt 0.009290 0.219846
vt 0.109290 0.219846
vt 0.209290 0.219846
vt 0.309290 0.219846
vt 0.409290 0.219846
vt 0.509290 0.219846
vt -0.490710 0.319846
vt -0.390710 0.319846
vt -0.290710 0.319846
vt -0.190710 0.319846
vt -0.090710 0.319846
vt 0.009290 0.319846
vt 0.109290 0.319846
vt 0.209290 0.319846
vt 0.309290 0.319846
vt 0.409290 0.319846
vt -0.190710 0.419846
vt -0.090710 0.419846
vt 0.009290 0.419846
vt 0.109290 0.419846
vt 0.209290 0.419846
vt 0.309290 0.419846
vt -0.229152 -0.342288
vt -0.129152 -0.342288
vt -0.029152 -0.342288
vt 0.070848 -0.342288
vt 0.170848 -0.342288
vt -0.329152 -0.242288
vt -0.229152 -0.242288
vt -0.129152 -0.242288
vt -0.029152 -0.242288
vt 0.070848 -0.242288
vt 0.170848 -0.242288
vt 0.270848 -0.242288
vt 0.370848 -0.242288
vt -0.429152 -0.142288
vt -0.329152 -0.142288
vt -0.229152 -0.142288
vt -0.129152 -0.142288
vt -0.029152 -0.142288
vt 0.070848 -0.142288
vt 0.170848 -0.142288
vt 0.270848 -0.142288
vt 0.370848 -0.142288
vt -0.429152 -0.042288
vt -0.329152 -0.042288
vt -0.229152 -0.042288
vt -0.129152 -0.042288
vt -0.029152 -0.042288
vt 0.070848 -0.042288
vt 0.170848 -0.042288
vt 0.270848 -0.042288
vt 0.370848 -0.042288
vt -0.429152 0.057712
vt -0.329152 0.057712
vt -0.229152 0.057712
vt -0.129152 0.057712
vt -0.029152 0.057712
vt 0.070848 0.057712
vt 0.170848 0.057712
vt 0.270848 0.057712
vt 0.370848 0.057712
vt -0.429152 0.157712
vt -0.329152 0.157712
vt -0.229152 0.157712
vt -0.129152 0.157712
vt -0.029152 0.157712
vt 0.070848 0.157712
vt 0.170848 0.157712
vt 0.270848 0.157712
vt 0.370848 0.157712
vt -0.329152 0.257712
vt -0.229152 0.257712
vt -0.129152 0.257712
vt -0.029152 0.257712
vt 0.070848 0.257712
vt 0.170848 0.257712
vt 0.270848 0.257712
vt 0.370848 0.257712
vt -0.229152 0.357712
vt -0.129152 0.357712
vt -0.029152 0.357712
vt 0.070848 0.357712
vt -0.206434 -0.548173
vt -0.106434 -0.548173
vt -0.006434 -0.548173
vt -0.306434 -0.448173
vt -0.206434 -0.448173
vt -0.106434 -0.448173
vt -0.006434 -0.448173
vt 0.093566 -0.448173
vt 0.193566 -0.448173
vt 0.293566 -0.448173
vt -0.406434 -0.348173
vt -0.306434 -0.348173
vt -0.206434 -0.348173
vt -0.106434 -0.348173
vt -0.006434 -0.348173
vt 0.093566 -0.348173
vt 0.193566 -0.348173
vt 0.293566 -0.348173
vt 0.393566 -0.348173
vt 0.493566 -0.348173
vt -0.506434 -0.248173
vt -0.406434 -0.248173
vt -0.306434 -0.248173
vt -0.206434 -0.248173
vt -0.106434 -0.248173
vt -0.006434 -0.248173
vt 0.093566 -0.248173
vt 0.193566 -0.248173
vt 0.293566 -0.248173
vt 0.393566 -0.248173
vt 0.493566 -0.248173
vt 0.593566 -0.248173
vt -0.606434 -0.148173
vt -0.506434 -0.148173
vt -0.406434 -0.148173
vt -0.306434 -0.148173
vt -0.206434 -0.148173
vt -0.106434 -0.148173
vt -0.006434 -0.148173
vt 0.093566 -0.148173
vt 0.193566 -0.148173
vt 0.293566 -0.148173
vt 0.393566 -0.148173
vt 0.493566 -0.148173
vt 0.593566 -0.148173
vt -0.606434 -0.048173
vt -0.506434 -0.048173
vt -0.406434 -0.048173
vt -0.306434 -0.048173
vt -0.206434 -0.048173
vt -0.106434 -0.048173
vt -0.006434 -0.048173
vt 0.093566 -0.048173
vt 0.193566 -0.048173
vt 0.293566 -0.048173
vt 0.393566 -0.048173
vt 0.493566 -0.048173
vt -0.606434 0.051827
vt -0.506434 0.051827
vt -0.406434 0.051827
vt -0.306434 0.051827
vt -0.206434 0.051827
vt -0.106434 0.051827
vt -0.006434 0.051827
vt 0.093566 0.051827
vt 0.193566 0.051827
vt 0.293566 0.051827
vt 0.393566 0.051827
vt 0.493566 0.051827
vt 0.593566 0.051827
vt -0.606434 0.151827
vt -0.506434 0.151827
vt -0.406434 0.151827
vt -0.306434 0.151827
vt -0.206434 0.151827
vt -0.106434 0.151827
vt -0.006434 0.151827
vt 0.093566 0.151827
vt 0.193566 0.151827
vt 0.293566 0.151827
vt 0.393566 0.151827
vt 0.493566 0.151827
vt 0.593566 0.151827
vt -0.506434 0.251827
vt -0.406434 0.251827
vt -0.306434 0.251827
vt -0.206434 0.251827
vt -0.106434 0.251827
vt -0.006434 0.251827
vt 0.093566 0.251827
vt 0.193566 0.251827
vt 0.293566 0.251827
vt 0.393566 0.251827
vt 0.493566 0.251827
vt -0.406434 0.351827
vt -0.306434 0.351827
vt -0.206434 0.351827
vt -0.106434 0.351827
vt -0.006434 0.351827
vt 0.093566 0.351827
vt 0.193566 0.351827
vt 0.293566 0.351827
vt 0.393566 0.351827
vt 0.493566 0.351827
vt -0.406434 0.451827
vt -0.306434 0.451827
vt -0.206434 0.451827
vt -0.106434 0.451827
vt -0.006434 0.451827
vt 0.093566 0.451827
vt 0.193566 0.451827
vt 0.293566 0.451827
vt 0.393566 0.451827
vt -0.106434 0.551827
vt -0.006434 0.551827
vn 0.0489608 -0.0000000 0.9988007
vn 0.0244951 -0.0244951 0.9993998
vn -0.0000000 -0.0000000 1.0000000
vn -0.0000000 -0.0000000 1.0000000
vn -0.0000000 -0.0245024 0.9996998
vn 0.0245024 -0.0000000 0.9996998
vn 0.0244951 -0.0244951 0.9993998
vn 0.0245024 -0.0000000 0.9996998
vn -0.0000000 -0.0000000 1.0000000
vn -0.0000000 -0.0000000 1.0000000
vn -0.0000000 -0.0000000 1.0000000
vn -0.0000000 -0.0245024 0.9996998
vn -0.0000000 -0.0245024 0.9996998
vn 0.0489608 -0.0000000 0.9988007
vn 0.0245024 -0.0000000 0.9996998
vn 0.0245024 -0.0000000 0.9996998
vn 0.0244951 -0.0244951 0.9993998
vn -0.0000000 -0.0000000 1.0000000
vn -0.0000000 -0.0000000 1.0000000
vn -0.0000000 -0.0000000 1.0000000
vn -0.0000000 -0.0000000 1.0000000
vn -0.0000000 -0.0000000 1.0000000
vn -0.0000000 -0.0000000 1.0000000
vn -0.0000000 -0.0000000 1.0000000
vn -0.0000000 -0.0000000 1.0000000
vn 0.0489608 -0.0000000 0.9988007
vn 0.0489608 -0.0000000 0.9988007
vn 0.0489608 -0.0000000 0.9988007
vn 0.0244951 -0.0244951 0.9993998
vn -0.0000000 -0.0000000 1.0000000
vn 0.0244951 -0.0244951 0.9993998
vn 0.0245024 -0.0000000 0.9996998
vn -0.0000000 -0.0000000 1.0000000
vn -0.0000000 -0.0000000 1.0000000
vn -0.0000000 -0.0000000 1.0000000
vn -0.0000000 -0.0000000 1.0000000
vn -0.0000000 -0.0000000 1.0000000
vn -0.0000000 -0.0245024 0.9996998
vn -0.0244951 -0.0244951 0.9993998
vn 0.0733314 -0.0000000 0.9973076
vn 0.0489608 -0.0000000 0.9988007
vn 0.0245024 -0.0000000 0.9996998
vn 0.0244951 -0.0244951 0.9993998
vn 0.0245024 -0.0000000 0.9996998
vn 0.0245024 -0.0000000 0.9996998
vn 0.0244951 -0.0244951 0.9993998
vn -0.0000000 -0.0245024 0.9996998
vn -0.0000000 -0.0245024 0.9996998
vn -0.0000000 -0.0245024 0.9996998
vn -0.0000000 -0.0245024 0.9996998
vn -0.0244951 -0.0244951 0.9993998
vn -0.0244951 -0.0244951 0.9993998
vn -0.0000000 -0.0245024 0.9996998
vn 0.0975714 -0.0000000 0.9952285
vn 0.0733314 -0.0000000 0.9973076
vn 0.0489608 -0.0000000 0.9988007
vn 0.0245024 -0.0000000 0.9996998
vn 0.0245024 -0.0000000 0.9996998
vn 0.0245024 -0.0000000 0.9996998
vn -0.0000000 -0.0000000 1.0000000
vn -0.0000000 -0.0245024 0.9996998
vn -0.0000000 -0.0245024 0.9996998
vn -0.0000000 -0.0245024 0.9996998
vn -0.0000000 -0.0245024 0.9996998
vn -0.0000000 -0.0245024 0.9996998
vn -0.0000000 -0.0245024 0.9996998
vn -0.0000000 -0.0245024 0.9996998
vn -0.0244951 -0.0244951 0.9993998
vn 0.0975714 -0.0000000 0.9952285
vn 0.0733314 -0.0000000 0.9973076
vn 0.0489608 -0.0000000 0.9988007
vn 0.0244951 -0.0244951 0.9993998
vn 0.0245024 -0.0000000 0.9996998
vn 0.0244951 -0.0244951 0.9993998
vn -0.0000000 -0.0000000 1.0000000
vn -0.0000000 -0.0000000 1.0000000
vn -0.0000000 -0.0000000 1.0000000
vn -0.0000000 -0.0000000 1.0000000
vn -0.0000000 -0.0000000 1.0000000
vn -0.0000000 -0.0245024 0.9996998
vn -0.0244951 -0.0244951 0.9993998
vn -0.0244951 -0.0244951 0.9993998
vn -0.0000000 -0.0245024 0.9996998
vn 0.0975714 -0.0000000 0.9952285
vn 0.0733314 -0.0000000 0.9973076
vn 0.0245024 -0.0000000 0.9996998
vn 0.0244951 -0.0244951 0.9993998
vn 0.0245024 -0.0000000 0.9996998
vn 0.0244951 -0.0244951 0.9993998
vn 0.0244951 -0.0244951 0.9993998
vn -0.0000000 -0.0000000 1.0000000
vn -0.0000000 -0.0245024 0.9996998
vn -0.0000000 -0.0245024 0.9996998
vn -0.0244951 -0.0244951 0.9993998
vn -0.0244951 -0.0244951 0.9993998
vn -0.0000000 -0.0245024 0.9996998
vn -0.0000000 -0.0245024 0.9996998
vn -0.0244951 -0.0244951 0.9993998
vn 0.0244951 -0.0244951 0.9993998
vn 0.0245024 -0.0000000 0.9996998
vn 0.0245024 -0.0000000 0.9996998
vn -0.0000000 -0.0000000 1.0000000
vn 0.0244951 -0.0244951 0.9993998
vn -0.0000000 -0.0245024 0.9996998
vn -0.0244951 -0.0244951 0.9993998
vn -0.0000000 -0.0245024 0.9996998
vn -0.0000000 -0.0245024 0.9996998
vn -0.0000000 -0.0245024 0.9996998
vn -0.0244951 -0.0244951 0.9993998
vn -0.0244731 -0.0489462 0.9985015
vn -0.0244731 -0.0489462 0.9985015
vn 0.0489608 -0.0000000 0.9988007
vn 0.0244951 -0.0244951 0.9993998
vn -0.0000000 -0.0000000 1.0000000
vn -0.0000000 -0.0000000 1.0000000
vn -0.0000000 -0.0245024 0.9996998
vn -0.0000000 -0.0245024 0.9996998
vn -0.0000000 -0.0245024 0.9996998
vn -0.0244951 -0.0244951 0.9993998
vn -0.0244731 -0.0489462 0.9985015
vn -0.0244731 -0.0489462 0.9985015
vn -0.0244731 -0.0489462 0.9985015
vn 0.0245024 -0.0000000 0.9996998
vn 0.0244951 -0.0244951 0.9993998
vn 0.0244951 -0.0244951 0.9993998
vn -0.0000000 -0.0245024 0.9996998
vn -0.0244951 -0.0244951 0.9993998
vn -0.0244951 -0.0244951 0.9993998
vn -0.0000000 -0.0489608 0.9988007
vn -0.0244731 -0.0489462 0.9985015
vn -0.0244731 -0.0489462 0.9985015
vn -0.0244731 -0.0489462 0.9985015
vn -0.0244731 -0.0489462 0.9985015
vn -0.0000000 -0.0000000 1.0000000
vn -0.0000000 -0.0245024 0.9996998
vn -0.0000000 -0.0245024 0.9996998
vn -0.0000000 -0.0489608 0.9988007
vn -0.0244951 -0.0244951 0.9993998
vn -0.0244731 -0.0489462 0.9985015
vn -0.2602401 -0.0236582 0.9652541
vn -0.2377827 -0.0475565 0.9701535
vn -0.2600219 -0.0472767 0.9644447
vn -0.2603129 -0.0000000 0.9655243
vn -0.2602401 -0.0236582 0.9652541
vn -0.2602401 -0.0236582 0.9652541
vn -0.2602401 -0.0236582 0.9652541
vn -0.2379846 -0.0237985 0.9709773
vn -0.2602401 -0.0236582 0.9652541
vn -0.2380521 -0.0000000 0.9712524
vn -0.2602401 -0.0236582 0.9652541
vn -0.2603129 -0.0000000 0.9655243
vn -0.2603129 -0.0000000 0.9655243
vn -0.2603129 -0.0000000 0.9655243
vn -0.2603129 -0.0000000 0.9655243
vn -0.2602401 -0.0236582 0.9652541
vn -0.2380521 -0.0000000 0.9712524
vn -0.2603129 -0.0000000 0.9655243
vn -0.2603129 -0.0000000 0.9655243
vn -0.2380521 -0.0000000 0.9712524
vn -0.2603129 -0.0000000 0.9655243
vn -0.2603129 -0.0000000 0.9655243
vn -0.2603129 -0.0000000 0.9655243
vn -0.2602401 0.0236582 0.9652541
vn -0.2380521 -0.0000000 0.9712524
vn -0.2602401 0.0236582 0.9652541
vn -0.2379846 0.0237985 0.9709773
vn -0.2602401 0.0236582 0.9652541
vn -0.2602401 0.0236582 0.9652541
vn -0.2602401 0.0236582 0.9652541
vn -0.2602401 0.0236582 0.9652541
vn -0.2379846 0.0237985 0.9709773
vn -0.2602401 0.0236582 0.9652541
vn -0.2602401 0.0236582 0.9652541
vn -0.2377827 0.0475565 0.9701535
vn -0.2602401 0.0236582 0.9652541
vn -0.2602401 0.0236582 0.9652541
vn -0.2377827 0.0475565 0.9701535
vn -0.2602401 0.0236582 0.9652541
vn -0.2600219 0.0472767 0.9644447
vn -0.2600219 0.0472767 0.9644447
vn -0.2600219 0.0472767 0.9644447
vn -0.2377827 0.0475565 0.9701535
vn -0.2600219 0.0472767 0.9644447
vn -0.2602401 0.0236582 0.9652541
vn -0.2377827 0.0475565 0.9701535
vn -0.2600219 0.0472767 0.9644447
vn -0.2600219 0.0472767 0.9644447
vn -0.2377827 0.0475565 0.9701535
vn -0.2377827 0.0475565 0.9701535
vn -0.2596594 0.0708162 0.9631002
vn -0.2596594 0.0708162 0.9631002
vn -0.2600219 0.0472767 0.9644447
vn -0.2596594 0.0708162 0.9631002
vn -0.2374473 0.0712342 0.9687850
vn -0.2377827 0.0475565 0.9701535
vn -0.2596594 0.0708162 0.9631002
vn -0.2596594 0.0708162 0.9631002
vn -0.2374473 0.0712342 0.9687850
vn -0.2374473 0.0712342 0.9687850
vn -0.2369801 0.0947921 0.9668789
vn -0.2374473 0.0712342 0.9687850
vn -0.2596594 0.0708162 0.9631002
vn -0.2596594 0.0708162 0.9631002
vn -0.2374473 0.0712342 0.9687850
vn -0.2369801 0.0947921 0.9668789
vn -0.2369801 0.0947921 0.9668789
vn -0.2369801 0.0947921 0.9668789
vn -0.2369801 0.0947921 0.9668789
vn -0.2374473 0.0712342 0.9687850
vn -0.2369801 0.0947921 0.9668789
vn -0.2369801 0.0947921 0.9668789
vn -0.2369801 0.0947921 0.9668789
vn -0.2369801 0.0947921 0.9668789
vn -0.2369801 0.0947921 0.9668789
vn -0.2369801 0.0947921 0.9668789
vn -0.2369801 0.0947921 0.9668789
vn -0.2369801 0.0947921 0.9668789
vn -0.0245024 -0.0000000 0.9996998
vn -0.0733314 -0.0000000 0.9973076
vn -0.0733095 -0.0244365 0.9970098
vn -0.0733314 -0.0000000 0.9973076
vn -0.0975714 -0.0000000 0.9952285
vn -0.0245024 -0.0000000 0.9996998
vn -0.0245024 -0.0000000 0.9996998
vn -0.0245024 -0.0000000 0.9996998
vn -0.0245024 -0.0000000 0.9996998
vn -0.0733314 -0.0000000 0.9973076
vn -0.0733314 -0.0000000 0.9973076
vn -0.0733314 -0.0000000 0.9973076
vn -0.0975714 -0.0000000 0.9952285
vn -0.1216390 -0.0000000 0.9925744
vn -0.1216390 -0.0000000 0.9925744
vn -0.0245024 -0.0000000 0.9996998
vn -0.0245024 -0.0000000 0.9996998
vn -0.0245024 -0.0000000 0.9996998
vn -0.0245024 -0.0000000 0.9996998
vn -0.0733314 -0.0000000 0.9973076
vn -0.0733314 -0.0000000 0.9973076
vn -0.0733314 -0.0000000 0.9973076
vn -0.0975714 -0.0000000 0.9952285
vn -0.1216390 -0.0000000 0.9925744
vn -0.1216390 -0.0000000 0.9925744
vn -0.0245024 -0.0000000 0.9996998
vn -0.0245024 -0.0000000 0.9996998
vn -0.0245024 -0.0000000 0.9996998
vn -0.0245024 -0.0000000 0.9996998
vn -0.0733314 -0.0000000 0.9973076
vn -0.0733314 -0.0000000 0.9973076
vn -0.0733314 -0.0000000 0.9973076
vn -0.0975714 -0.0000000 0.9952285
vn -0.1216390 -0.0000000 0.9925744
vn -0.1216390 -0.0000000 0.9925744
vn -0.1216390 -0.0000000 0.9925744
vn -0.0245024 -0.0000000 0.9996998
vn -0.0245024 -0.0000000 0.9996998
vn -0.0245024 -0.0000000 0.9996998
vn -0.0245024 -0.0000000 0.9996998
vn -0.0733314 -0.0000000 0.9973076
vn -0.0733314 -0.0000000 0.9973076
vn -0.0733314 -0.0000000 0.9973076
vn -0.0975714 -0.0000000 0.9952285
vn -0.1216390 -0.0000000 0.9925744
vn -0.1216390 -0.0000000 0.9925744
vn -0.1216390 -0.0000000 0.9925744
vn -0.0245024 -0.0000000 0.9996998
vn -0.0245024 -0.0000000 0.9996998
vn -0.0245024 -0.0000000 0.9996998
vn -0.0245024 -0.0000000 0.9996998
vn -0.0733314 -0.0000000 0.9973076
vn -0.0733095 0.0244365 0.9970098
vn -0.0733314 0.0000000 0.9973076
vn -0.0975714 -0.0000000 0.9952285
vn -0.1216390 -0.0000000 0.9925744
vn -0.1216030 0.0243206 0.9922808
vn -0.1216390 0.0000000 0.9925744
vn -0.0245024 0.0000000 0.9996998
vn -0.0245024 -0.0000000 0.9996998
vn -0.0245024 -0.0000000 0.9996998
vn -0.0489608 -0.0000000 0.9988007
vn -0.0733095 0.0244365 0.9970098
vn -0.0975714 0.0000000 0.9952285
vn -0.0975714 -0.0000000 0.9952285
vn -0.0975714 -0.0000000 0.9952285
vn -0.0489608 -0.0000000 0.9988007
vn -0.0733314 -0.0000000 0.9973076
vn -0.0975714 -0.0000000 0.9952285
vn -0.0975424 0.0243856 0.9949326
vn 0.1889485 -0.1889485 0.9636373
vn 0.1667310 -0.1667310 0.9718033
vn 0.1897440 -0.1660260 0.9676945
vn 0.2124486 -0.1652378 0.9631002
vn 0.1889485 -0.1889485 0.9636373
vn 0.1889485 -0.1889485 0.9636373
vn 0.1889485 -0.1889485 0.9636373
vn 0.1897440 -0.1660260 0.9676945
vn 0.1897440 -0.1660260 0.9676945
vn 0.2124486 -0.1652378 0.9631002
vn 0.1660260 -0.1897440 0.9676945
vn 0.1660260 -0.1897440 0.9676945
vn 0.1889485 -0.1889485 0.9636373
vn 0.1889485 -0.1889485 0.9636373
vn 0.1897440 -0.1660260 0.9676945
vn 0.2124486 -0.1652378 0.9631002
vn 0.2124486 -0.1652378 0.9631002
vn 0.2132223 -0.1421482 0.9666076
vn 0.2132223 -0.1421482 0.9666076
vn 0.2132223 -0.1421482 0.9666076
vn 0.1660260 -0.1897440 0.9676945
vn 0.1660260 -0.1897440 0.9676945
vn 0.1667310 -0.1667310 0.9718033
vn 0.1897440 -0.1660260 0.9676945
vn 0.2124486 -0.1652378 0.9631002
vn 0.2124486 -0.1652378 0.9631002
vn 0.1904416 -0.1428312 0.9712524
vn 0.2124486 -0.1652378 0.9631002
vn 0.2356604 -0.1413962 0.9614943
vn 0.2132223 -0.1421482 0.9666076
vn 0.2138835 -0.1188242 0.9696054
vn 0.1667310 -0.1667310 0.9718033
vn 0.1889485 -0.1889485 0.9636373
vn 0.1897440 -0.1660260 0.9676945
vn 0.1897440 -0.1660260 0.9676945
vn 0.1904416 -0.1428312 0.9712524
vn 0.2124486 -0.1652378 0.9631002
vn 0.2132223 -0.1421482 0.9666076
vn 0.2138835 -0.1188242 0.9696054
vn 0.2363835 -0.1181918 0.9644447
vn 0.2356604 -0.1413962 0.9614943
vn 0.2363835 -0.1181918 0.9644447
vn 0.1667310 -0.1667310 0.9718033
vn 0.1667310 -0.1667310 0.9718033
vn 0.1897440 -0.1660260 0.9676945
vn 0.2124486 -0.1652378 0.9631002
vn 0.2132223 -0.1421482 0.9666076
vn 0.2132223 -0.1421482 0.9666076
vn 0.2356604 -0.1413962 0.9614943
vn 0.2363835 -0.1181918 0.9644447
vn 0.2138835 -0.1188242 0.9696054
vn 0.2138835 -0.1188242 0.9696054
vn 0.2363835 -0.1181918 0.9644447
vn 0.1904416 -0.1428312 0.9712524
vn 0.1904416 -0.1428312 0.9712524
vn 0.2138835 -0.1188242 0.9696054
vn 0.2132223 -0.1421482 0.9666076
vn 0.2138835 -0.1188242 0.9696054
vn 0.2363835 -0.1181918 0.9644447
vn 0.2363835 -0.1181918 0.9644447
vn 0.2363835 -0.1181918 0.9644447
vn 0.2369801 -0.0947921 0.9668789
vn 0.2369801 -0.0947921 0.9668789
vn 0.1910380 -0.1193988 0.9742938
vn 0.2138835 -0.1188242 0.9696054
vn 0.2138835 -0.1188242 0.9696054
vn 0.2138835 -0.1188242 0.9696054
vn 0.2369801 -0.0947921 0.9668789
vn 0.2369801 -0.0947921 0.9668789
vn 0.2369801 -0.0947921 0.9668789
vn 0.2369801 -0.0947921 0.9668789
vn 0.2369801 -0.0947921 0.9668789
vn 0.1910380 -0.1193988 0.9742938
vn 0.1915301 -0.0957651 0.9768036
vn 0.2138835 -0.1188242 0.9696054
vn 0.2369801 -0.0947921 0.9668789
vn 0.2369801 -0.0947921 0.9668789
vn 0.2369801 -0.0947921 0.9668789
vn 0.2369801 -0.0947921 0.9668789
vn 0.2369801 -0.0947921 0.9668789
vn 0.2596594 -0.0708162 0.9631002
vn 0.2369801 -0.0947921 0.9668789
vn 0.2374473 -0.0712342 0.9687850
vn -0.1181918 -0.2363835 0.9644447
vn -0.1188242 -0.2138835 0.9696054
vn -0.1181918 -0.2363835 0.9644447
vn -0.0947921 -0.2369801 0.9668789
vn -0.0947921 -0.2369801 0.9668789
vn -0.0708162 -0.2596594 0.9631002
vn -0.1652378 -0.2124486 0.9631002
vn -0.1188242 -0.2138835 0.9696054
vn -0.1181918 -0.2363835 0.9644447
vn -0.1181918 -0.2363835 0.9644447
vn -0.0947921 -0.2369801 0.9668789
vn -0.0947921 -0.2369801 0.9668789
vn -0.0712342 -0.2374473 0.9687850
vn -0.0475565 -0.2377827 0.9701535
vn -0.0472767 -0.2600219 0.9644447
vn -0.1660260 -0.1897440 0.9676945
vn -0.1652378 -0.2124486 0.9631002
vn -0.1428312 -0.1904416 0.9712524
vn -0.1421482 -0.2132223 0.9666076
vn -0.1413962 -0.2356604 0.9614943
vn -0.1181918 -0.2363835 0.9644447
vn -0.0947921 -0.2369801 0.9668789
vn -0.0947921 -0.2369801 0.9668789
vn -0.0712342 -0.2374473 0.9687850
vn -0.0708162 -0.2596594 0.9631002
vn -0.0472767 -0.2600219 0.9644447
vn -0.0237985 -0.2379846 0.9709773
vn -0.1889485 -0.1889485 0.9636373
vn -0.1660260 -0.1897440 0.9676945
vn -0.1652378 -0.2124486 0.9631002
vn -0.1652378 -0.2124486 0.9631002
vn -0.1421482 -0.2132223 0.9666076
vn -0.1188242 -0.2138835 0.9696054
vn -0.0947921 -0.2369801 0.9668789
vn -0.0947921 -0.2369801 0.9668789
vn -0.0947921 -0.2369801 0.9668789
vn -0.0708162 -0.2596594 0.9631002
vn -0.0237985 -0.2379846 0.9709773
vn -0.0236582 -0.2602401 0.9652541
vn -0.1889485 -0.1889485 0.9636373
vn -0.1889485 -0.1889485 0.9636373
vn -0.1889485 -0.1889485 0.9636373
vn -0.1652378 -0.2124486 0.9631002
vn -0.1428312 -0.1904416 0.9712524
vn -0.1421482 -0.2132223 0.9666076
vn -0.1421482 -0.2132223 0.9666076
vn -0.1188242 -0.2138835 0.9696054
vn -0.0947921 -0.2369801 0.9668789
vn -0.0947921 -0.2369801 0.9668789
vn -0.0716188 -0.2148565 0.9740161
vn -0.0475565 -0.2377827 0.9701535
vn -0.0237985 -0.2379846 0.9709773
vn -0.1897440 -0.1660260 0.9676945
vn -0.1889485 -0.1889485 0.9636373
vn -0.1889485 -0.1889485 0.9636373
vn -0.1660260 -0.1897440 0.9676945
vn -0.1660260 -0.1897440 0.9676945
vn -0.1652378 -0.2124486 0.9631002
vn -0.1188242 -0.2138835 0.9696054
vn -0.1188242 -0.2138835 0.9696054
vn -0.1188242 -0.2138835 0.9696054
vn -0.0716188 -0.2148565 0.9740161
vn -0.0716188 -0.2148565 0.9740161
vn -0.0478141 -0.2151633 0.9754069
vn -0.0239276 -0.2153480 0.9762442
vn -0.2124486 -0.1652378 0.9631002
vn -0.1897440 -0.1660260 0.9676945
vn -0.1667310 -0.1667310 0.9718033
vn -0.1660260 -0.1897440 0.9676945
vn -0.1660260 -0.1897440 0.9676945
vn -0.1428312 -0.1904416 0.9712524
vn -0.1188242 -0.2138835 0.9696054
vn -0.0957651 -0.1915301 0.9768036
vn -0.0953019 -0.2144292 0.9720790
vn -0.0716188 -0.2148565 0.9740161
vn -0.0478141 -0.2151633 0.9754069
vn -0.0475565 -0.2377827 0.9701535
vn -0.1897440 -0.1660260 0.9676945
vn -0.1897440 -0.1660260 0.9676945
vn -0.1889485 -0.1889485 0.9636373
vn -0.1667310 -0.1667310 0.9718033
vn -0.1428312 -0.1904416 0.9712524
vn -0.1193988 -0.1910380 0.9742938
vn -0.1193988 -0.1910380 0.9742938
vn -0.0953019 -0.2144292 0.9720790
vn -0.0719683 -0.1919155 0.9787691
vn -0.0716188 -0.2148565 0.9740161
vn -0.2124486 -0.1652378 0.9631002
vn -0.1897440 -0.1660260 0.9676945
vn -0.1667310 -0.1667310 0.9718033
vn -0.1667310 -0.1667310 0.9718033
vn -0.1667310 -0.1667310 0.9718033
vn -0.1199127 -0.1678778 0.9784876
vn -0.1193988 -0.1910380 0.9742938
vn -0.0961794 -0.1683140 0.9810300
vn -0.0719683 -0.1919155 0.9787691
vn -0.0722810 -0.1686556 0.9830212
vn -0.2138835 -0.1188242 0.9696054
vn -0.1904416 -0.1428312 0.9712524
vn -0.1904416 -0.1428312 0.9712524
vn -0.1667310 -0.1667310 0.9718033
vn -0.1439781 -0.1439781 0.9790509
vn -0.1439781 -0.1439781 0.9790509
vn -0.1199127 -0.1678778 0.9784876
vn -0.0965429 -0.1448144 0.9847377
vn -0.0722810 -0.1686556 0.9830212
vn -0.0482574 -0.1689009 0.9844510
vn -0.1454940 -0.0000000 0.9893591
vn -0.1690979 -0.0000000 0.9855993
vn -0.1924145 -0.0000000 0.9813137
vn -0.1924145 -0.0000000 0.9813137
vn -0.2153480 0.0239276 0.9762442
vn -0.2154097 -0.0000000 0.9765238
vn -0.1690486 0.0241498 0.9853118
vn -0.1690979 -0.0000000 0.9855993
vn -0.1690979 -0.0000000 0.9855993
vn -0.1924145 -0.0000000 0.9813137
vn -0.1924145 -0.0000000 0.9813137
vn -0.2154097 -0.0000000 0.9765238
vn -0.2154097 -0.0000000 0.9765238
vn -0.1924145 -0.0000000 0.9813137
vn -0.1690979 -0.0000000 0.9855993
vn -0.1690979 -0.0000000 0.9855993
vn -0.1690979 -0.0000000 0.9855993
vn -0.1924145 -0.0000000 0.9813137
vn -0.1924145 -0.0000000 0.9813137
vn -0.2154097 -0.0000000 0.9765238
vn -0.2154097 -0.0000000 0.9765238
vn -0.1924145 -0.0000000 0.9813137
vn -0.2154097 -0.0000000 0.9765238
vn -0.2154097 -0.0000000 0.9765238
vn -0.1454940 -0.0000000 0.9893591
vn -0.1690979 -0.0000000 0.9855993
vn -0.1690979 -0.0000000 0.9855993
vn -0.1690979 -0.0000000 0.9855993
vn -0.1924145 -0.0000000 0.9813137
vn -0.1924145 -0.0000000 0.9813137
vn -0.2154097 -0.0000000 0.9765238
vn -0.2154097 -0.0000000 0.9765238
vn -0.1924145 -0.0000000 0.9813137
vn -0.2154097 -0.0000000 0.9765238
vn -0.2154097 -0.0000000 0.9765238
vn -0.1454940 -0.0000000 0.9893591
vn -0.1454940 -0.0000000 0.9893591
vn -0.1690979 -0.0000000 0.9855993
vn -0.1690979 -0.0000000 0.9855993
vn -0.1690979 -0.0000000 0.9855993
vn -0.1924145 -0.0000000 0.9813137
vn -0.1924145 -0.0000000 0.9813137
vn -0.2154097 -0.0000000 0.9765238
vn -0.2154097 -0.0000000 0.9765238
vn -0.1924145 -0.0000000 0.9813137
vn -0.2154097 -0.0000000 0.9765238
vn -0.2154097 -0.0000000 0.9765238
vn -0.1454940 -0.0000000 0.9893591
vn -0.1454940 -0.0000000 0.9893591
vn -0.1690979 -0.0000000 0.9855993
vn -0.1690486 0.0241498 0.9853118
vn -0.1690979 -0.0000000 0.9855993
vn -0.1924145 -0.0000000 0.9813137
vn -0.1924145 -0.0000000 0.9813137
vn -0.2154097 -0.0000000 0.9765238
vn -0.2154097 -0.0000000 0.9765238
vn -0.1924145 -0.0000000 0.9813137
vn -0.2154097 -0.0000000 0.9765238
vn -0.2154097 -0.0000000 0.9765238
vn -0.1454512 0.0242419 0.9890684
vn -0.1454512 0.0242419 0.9890684
vn -0.1454940 -0.0000000 0.9893591
vn -0.1690486 0.0241498 0.9853118
vn -0.1924145 -0.0000000 0.9813137
vn -0.1924145 -0.0000000 0.9813137
vn -0.1924145 -0.0000000 0.9813137
vn -0.2154097 -0.0000000 0.9765238
vn -0.2154097 -0.0000000 0.9765238
vn -0.1924145 -0.0000000 0.9813137
vn -0.2154097 -0.0000000 0.9765238
vn -0.2154097 -0.0000000 0.9765238
vn -0.1454512 0.0242419 0.9890684
vn -0.1690486 0.0241498 0.9853118
vn -0.1690979 -0.0000000 0.9855993
vn -0.1690979 -0.0000000 0.9855993
vn -0.1924145 -0.0000000 0.9813137
vn -0.1924145 -0.0000000 0.9813137
vn -0.1924145 -0.0000000 0.9813137
vn -0.2154097 -0.0000000 0.9765238
vn -0.2154097 -0.0000000 0.9765238
vn -0.1924145 -0.0000000 0.9813137
vn -0.2154097 -0.0000000 0.9765238
vn -0.2153480 0.0239276 0.9762442
vn -0.1454940 -0.0000000 0.9893591
vn -0.1690979 -0.0000000 0.9855993
vn -0.1690979 -0.0000000 0.9855993
vn -0.1690979 -0.0000000 0.9855993
vn -0.1924145 -0.0000000 0.9813137
vn -0.1924145 -0.0000000 0.9813137
vn -0.1924145 -0.0000000 0.9813137
vn -0.2154097 -0.0000000 0.9765238
vn -0.2154097 -0.0000000 0.9765238
vn -0.1924145 -0.0000000 0.9813137
vn -0.1924145 -0.0000000 0.9813137
vn -0.2153480 0.0239276 0.9762442
vn -0.1690979 -0.0000000 0.9855993
vn -0.1690979 -0.0000000 0.9855993
vn -0.1690979 -0.0000000 0.9855993
vn -0.1924145 -0.0000000 0.9813137
vn -0.1924145 -0.0000000 0.9813137
vn -0.1924145 -0.0000000 0.9813137
vn -0.2154097 -0.0000000 0.9765238
vn -0.2154097 -0.0000000 0.9765238
vn -0.1924145 -0.0000000 0.9813137
vn -0.1924145 -0.0000000 0.9813137
vn -0.2154097 -0.0000000 0.9765238
vn -0.1690486 0.0241498 0.9853118
vn -0.1690979 -0.0000000 0.9855993
vn -0.1924145 -0.0000000 0.9813137
vn -0.1924145 -0.0000000 0.9813137
vn -0.1924145 -0.0000000 0.9813137
vn -0.2154097 -0.0000000 0.9765238
vn -0.2153480 0.0239276 0.9762442
vn -0.1924145 -0.0000000 0.9813137
vn -0.1924145 -0.0000000 0.9813137
vn -0.1690486 0.0241498 0.9853118
vn -0.1924145 -0.0000000 0.9813137
vn -0.1924145 -0.0000000 0.9813137
vn -0.1924145 -0.0000000 0.9813137
vn -0.1924145 -0.0000000 0.9813137
vn -0.1924145 -0.0000000 0.9813137
vn -0.2153480 0.0239276 0.9762442
vn -0.2153480 0.0239276 0.9762442
vn -0.1924145 -0.0000000 0.9813137
vn -0.1924145 -0.0000000 0.9813137
vn -0.1923588 0.0240449 0.9810300
vn -0.1923588 0.0240449 0.9810300
vn -0.1923588 0.0240449 0.9810300
vn -0.1923588 0.0240449 0.9810300
vn 0.2369801 -0.0947921 0.9668789
vn 0.2369801 -0.0947921 0.9668789
vn 0.2369801 -0.0947921 0.9668789
vn 0.2369801 -0.0947921 0.9668789
vn 0.2369801 -0.0947921 0.9668789
vn 0.2374473 -0.0712342 0.9687850
vn 0.2374473 -0.0712342 0.9687850
vn 0.2374473 -0.0712342 0.9687850
vn 0.2374473 -0.0712342 0.9687850
vn 0.2374473 -0.0712342 0.9687850
vn 0.2374473 -0.0712342 0.9687850
vn 0.2369801 -0.0947921 0.9668789
vn 0.2369801 -0.0947921 0.9668789
vn 0.2596594 -0.0708162 0.9631002
vn 0.2596594 -0.0708162 0.9631002
vn 0.2374473 -0.0712342 0.9687850
vn 0.2377827 -0.0475565 0.9701535
vn 0.2377827 -0.0475565 0.9701535
vn 0.2377827 -0.0475565 0.9701535
vn 0.2377827 -0.0475565 0.9701535
vn 0.2377827 -0.0475565 0.9701535
vn 0.2374473 -0.0712342 0.9687850
vn 0.2596594 -0.0708162 0.9631002
vn 0.2600219 -0.0472767 0.9644447
vn 0.2374473 -0.0712342 0.9687850
vn 0.2596594 -0.0708162 0.9631002
vn 0.2600219 -0.0472767 0.9644447
vn 0.2377827 -0.0475565 0.9701535
vn 0.2377827 -0.0475565 0.9701535
vn 0.2377827 -0.0475565 0.9701535
vn 0.2377827 -0.0475565 0.9701535
vn 0.2377827 -0.0475565 0.9701535
vn 0.2377827 -0.0475565 0.9701535
vn 0.2600219 -0.0472767 0.9644447
vn 0.2600219 -0.0472767 0.9644447
vn 0.2377827 -0.0475565 0.9701535
vn 0.2600219 -0.0472767 0.9644447
vn 0.2600219 -0.0472767 0.9644447
vn 0.2377827 -0.0475565 0.9701535
vn 0.2377827 -0.0475565 0.9701535
vn 0.2377827 -0.0475565 0.9701535
vn 0.2379846 -0.0237985 0.9709773
vn 0.2379846 -0.0237985 0.9709773
vn 0.2379846 -0.0237985 0.9709773
vn 0.2600219 -0.0472767 0.9644447
vn 0.2600219 -0.0472767 0.9644447
vn 0.2602401 -0.0236582 0.9652541
vn 0.2600219 -0.0472767 0.9644447
vn 0.2377827 -0.0475565 0.9701535
vn 0.2602401 -0.0236582 0.9652541
vn 0.2600219 -0.0472767 0.9644447
vn 0.2379846 -0.0237985 0.9709773
vn 0.2379846 -0.0237985 0.9709773
vn 0.2602401 -0.0236582 0.9652541
vn 0.2602401 -0.0236582 0.9652541
vn 0.2379846 -0.0237985 0.9709773
vn 0.2153480 -0.0239276 0.9762442
vn 0.2379846 -0.0237985 0.9709773
vn 0.2602401 -0.0236582 0.9652541
vn 0.2602401 -0.0236582 0.9652541
vn 0.2379846 -0.0237985 0.9709773
vn 0.2602401 -0.0236582 0.9652541
vn 0.2603129 -0.0000000 0.9655243
vn 0.2602401 -0.0236582 0.9652541
vn 0.2602401 -0.0236582 0.9652541
vn 0.2380521 0.0000000 0.9712524
vn 0.2380521 -0.0000000 0.9712524
vn 0.2379846 -0.0237985 0.9709773
vn 0.2379846 -0.0237985 0.9709773
vn 0.2379846 -0.0237985 0.9709773
vn 0.2603129 -0.0000000 0.9655243
vn 0.2602401 -0.0236582 0.9652541
vn 0.2603129 -0.0000000 0.9655243
vn 0.2603129 -0.0000000 0.9655243
vn 0.2603129 -0.0000000 0.9655243
vn 0.2380521 -0.0000000 0.9712524
vn 0.2602401 -0.0236582 0.9652541
vn 0.2603129 -0.0000000 0.9655243
vn 0.2380521 -0.0000000 0.9712524
vn 0.2380521 -0.0000000 0.9712524
vn 0.2380521 -0.0000000 0.9712524
vn 0.2603129 -0.0000000 0.9655243
vn 0.2602401 0.0236582 0.9652541
vn 0.2603129 -0.0000000 0.9655243
vn 0.2603129 -0.0000000 0.9655243
vn 0.2603129 -0.0000000 0.9655243
vn 0.2380521 -0.0000000 0.9712524
vn 0.2602401 0.0236582 0.9652541
vn 0.2603129 -0.0000000 0.9655243
vn 0.2380521 -0.0000000 0.9712524
vn 0.2380521 -0.0000000 0.9712524
vn 0.2602401 0.0236582 0.9652541
vn 0.2603129 -0.0000000 0.9655243
vn 0.2602401 0.0236582 0.9652541
vn 0.2602401 0.0236582 0.9652541
vn 0.2380521 0.0000000 0.9712524
vn 0.2380521 -0.0000000 0.9712524
vn 0.0731351 0.0731351 0.9946369
vn 0.0244365 0.0733095 0.9970098
vn 0.0244365 0.0733095 0.9970098
vn 0.0244731 0.0489462 0.9985015
vn -0.0000000 0.0489608 0.9988007
vn 0.0487278 0.0974555 0.9940463
vn 0.0488293 0.0732440 0.9961180
vn 0.0489022 0.0489022 0.9976057
vn 0.0244365 0.0733095 0.9970098
vn -0.0000000 0.0489608 0.9988007
vn -0.0000000 0.0489608 0.9988007
vn -0.0244951 0.0244951 0.9993998
vn -0.0489608 -0.0000000 0.9988007
vn 0.0487278 0.0974555 0.9940463
vn 0.0487278 0.0974555 0.9940463
vn 0.0244365 0.0733095 0.9970098
vn 0.0244365 0.0733095 0.9970098
vn 0.0244731 0.0489462 0.9985015
vn -0.0000000 0.0489608 0.9988007
vn -0.0244951 0.0244951 0.9993998
vn -0.0489462 0.0244731 0.9985015
vn -0.0489462 0.0244731 0.9985015
vn 0.0487278 0.0974555 0.9940463
vn 0.0244365 0.0733095 0.9970098
vn 0.0244731 0.0489462 0.9985015
vn 0.0244365 0.0733095 0.9970098
vn -0.0000000 0.0489608 0.9988007
vn -0.0244951 0.0244951 0.9993998
vn -0.0244951 0.0244951 0.9993998
vn -0.0244951 0.0244951 0.9993998
vn -0.0489462 0.0244731 0.9985015
vn 0.0244365 0.0733095 0.9970098
vn -0.0000000 0.0489608 0.9988007
vn 0.0244365 0.0733095 0.9970098
vn 0.0244731 0.0489462 0.9985015
vn -0.0244951 0.0244951 0.9993998
vn -0.0244951 0.0244951 0.9993998
vn -0.0244951 0.0244951 0.9993998
vn -0.0489608 -0.0000000 0.9988007
vn -0.0489608 -0.0000000 0.9988007
vn 0.0244731 0.0489462 0.9985015
vn 0.0244365 0.0733095 0.9970098
vn 0.0244365 0.0733095 0.9970098
vn -0.0244951 0.0244951 0.9993998
vn -0.0244951 0.0244951 0.9993998
vn -0.0244951 0.0244951 0.9993998
vn -0.0489608 -0.0000000 0.9988007
vn -0.0489608 -0.0000000 0.9988007
vn -0.0489608 -0.0000000 0.9988007
vn 0.0244731 0.0489462 0.9985015
vn -0.0244951 0.0244951 0.9993998
vn -0.0244951 0.0244951 0.9993998
vn -0.0244731 0.0489462 0.9985015
vn -0.0489462 0.0244731 0.9985015
vn -0.0489462 0.0244731 0.9985015
vn -0.0489462 0.0244731 0.9985015
vn -0.0489462 0.0244731 0.9985015
vn -0.0000000 0.0245024 0.9996998
vn -0.0000000 0.0489608 0.9988007
vn -0.0244951 0.0244951 0.9993998
vn -0.0489462 0.0244731 0.9985015
vn -0.0000000 -0.1690979 0.9855993
vn -0.0000000 -0.1454940 0.9893591
vn 0.0242419 -0.1454512 0.9890684
vn -0.0000000 -0.2380521 0.9712524
vn 0.0237985 -0.2379846 0.9709773
vn 0.0237985 -0.2379846 0.9709773
vn -0.0000000 -0.2380521 0.9712524
vn 0.0239276 -0.2153480 0.9762442
vn 0.0239276 -0.2153480 0.9762442
vn 0.0241498 -0.1690486 0.9853118
vn -0.0000000 -0.3245614 0.9458646
vn -0.0000000 -0.3245614 0.9458646
vn -0.0000000 -0.3245614 0.9458646
vn -0.0000000 -0.3035892 0.9528030
vn 0.0466552 -0.3032586 0.9517655
vn 0.0466552 -0.3032586 0.9517655
vn 0.0469758 -0.2818548 0.9583064
vn 0.0936422 -0.2809265 0.9551500
vn 0.0472767 -0.2600219 0.9644447
vn 0.0237985 -0.2379846 0.9709773
vn -0.0463162 -0.3242131 0.9448496
vn -0.0000000 -0.3245614 0.9458646
vn -0.0000000 -0.3245614 0.9458646
vn 0.0463162 -0.3242131 0.9448496
vn 0.0466552 -0.3032586 0.9517655
vn 0.0000000 -0.3035892 0.9528030
vn 0.0463162 -0.3242131 0.9448496
vn 0.0466552 -0.3032586 0.9517655
vn 0.0466552 -0.3032586 0.9517655
vn 0.0916304 -0.3436140 0.9346300
vn 0.0930072 -0.3022733 0.9486730
vn 0.0936422 -0.2809265 0.9551500
vn -0.0233466 -0.3035064 0.9525433
vn -0.0236582 -0.2602401 0.9652541
vn -0.0000000 -0.2603129 0.9655243
vn -0.0000000 -0.2603129 0.9655243
vn 0.0236582 -0.2602401 0.9652541
vn 0.0233466 -0.3035064 0.9525433
vn 0.0235074 -0.2820884 0.9591004
vn 0.0469758 -0.2818548 0.9583064
vn 0.0698877 -0.3028469 0.9504733
vn 0.0472767 -0.2600219 0.9644447
vn 0.0466552 -0.3032586 0.9517655
vn 0.0930072 -0.3022733 0.9486730
vn 0.0923357 -0.3231748 0.9418238
vn -0.0239276 -0.2153480 0.9762442
vn -0.0000000 -0.1924145 0.9813137
vn -0.0000000 -0.1924145 0.9813137
vn -0.0000000 -0.1924145 0.9813137
vn 0.0000000 -0.1924145 0.9813137
vn 0.0239276 -0.2153480 0.9762442
vn 0.0240449 -0.1923588 0.9810300
vn 0.0239276 -0.2153480 0.9762442
vn 0.0716188 -0.2148565 0.9740161
vn 0.0472767 -0.2600219 0.9644447
vn 0.0475565 -0.2377827 0.9701535
vn 0.0708162 -0.2596594 0.9631002
vn -0.0242419 -0.1454512 0.9890684
vn -0.0000000 -0.1690979 0.9855993
vn -0.0000000 -0.1690979 0.9855993
vn -0.0000000 -0.1690979 0.9855993
vn -0.0000000 -0.1690979 0.9855993
vn 0.0242419 -0.1454512 0.9890684
vn 0.0241498 -0.1690486 0.9853118
vn 0.0242419 -0.1454512 0.9890684
vn 0.0241498 -0.1690486 0.9853118
vn 0.0240449 -0.1923588 0.9810300
vn 0.0482574 -0.1689009 0.9844510
vn 0.0480481 -0.1921922 0.9801804
vn 0.0719683 -0.1919155 0.9787691
vn -0.0241498 -0.1690486 0.9853118
vn -0.0241498 -0.1690486 0.9853118
vn -0.0000000 -0.1690979 0.9855993
vn -0.0000000 -0.1690979 0.9855993
vn 0.0241498 -0.1690486 0.9853118
vn 0.0241498 -0.1690486 0.9853118
vn 0.0240449 -0.1923588 0.9810300
vn 0.0241498 -0.1690486 0.9853118
vn 0.0241498 -0.1690486 0.9853118
vn 0.0482574 -0.1689009 0.9844510
vn 0.0482574 -0.1689009 0.9844510
vn 0.0482574 -0.1689009 0.9844510
vn 0.0482574 -0.1689009 0.9844510
vn -0.0000000 -0.1690979 0.9855993
vn -0.0000000 -0.1690979 0.9855993
vn -0.0000000 -0.1690979 0.9855993
vn 0.0000000 -0.1690979 0.9855993
vn 0.0000000 -0.1924145 0.9813137
vn 0.0241498 -0.1690486 0.9853118
vn 0.0480481 -0.1921922 0.9801804
vn 0.0241498 -0.1690486 0.9853118
vn 0.0241498 -0.1690486 0.9853118
vn 0.0480481 -0.1921922 0.9801804
vn 0.0482574 -0.1689009 0.9844510
vn -0.0000000 -0.1924145 0.9813137
vn -0.0000000 -0.1924145 0.9813137
vn -0.0000000 -0.1924145 0.9813137
vn 0.0240449 -0.1923588 0.9810300
vn 0.0240449 -0.1923588 0.9810300
vn 0.0240449 -0.1923588 0.9810300
vn 0.0480481 -0.1921922 0.9801804
vn 0.0241498 -0.1690486 0.9853118
vn 0.0482574 -0.1689009 0.9844510
vn 0.0722810 -0.1686556 0.9830212
vn -0.0000000 -0.2154097 0.9765238
vn -0.0000000 -0.2154097 0.9765238
vn -0.0000000 -0.2154097 0.9765238
vn 0.0000000 -0.1924145 0.9813137
vn 0.0239276 -0.2153480 0.9762442
vn 0.0480481 -0.1921922 0.9801804
vn 0.0480481 -0.1921922 0.9801804
vn 0.0478141 -0.2151633 0.9754069
vn 0.0480481 -0.1921922 0.9801804
vn 0.0239276 -0.2153480 0.9762442
vn 0.0240449 -0.1923588 0.9810300
g gravel_small_patches_island_01
f 1/1/1 2/2/2 7/7/7
f 1/1/1 7/7/7 6/6/6
f 2/2/2 3/3/3 8/8/8
f 2/2/2 8/8/8 7/7/7
f 3/3/3 4/4/4 9/9/9
f 3/3/3 9/9/9 8/8/8
f 4/4/4 5/5/5 10/10/10
f 4/4/4 10/10/10 9/9/9
f 6/6/6 7/7/7 16/16/16
f 6/6/6 16/16/16 15/15/15
f 7/7/7 8/8/8 17/17/17
f 7/7/7 17/17/17 16/16/16
f 8/8/8 9/9/9 18/18/18
f 8/8/8 18/18/18 17/17/17
f 9/9/9 10/10/10 19/19/19
f 9/9/9 19/19/19 18/18/18
f 10/10/10 11/11/11 20/20/20
f 10/10/10 20/20/20 19/19/19
f 11/11/11 12/12/12 21/21/21
f 11/11/11 21/21/21 20/20/20
f 12/12/12 13/13/13 22/22/22
f 12/12/12 22/22/22 21/21/21
f 14/14/14 15/15/15 29/29/29
f 14/14/14 29/29/29 28/28/28
f 15/15/15 16/16/16 30/30/30
f 15/15/15 30/30/30 29/29/29
f 16/16/16 17/17/17 31/31/31
f 16/16/16 31/31/31 30/30/30
f 17/17/17 18/18/18 32/32/32
f 17/17/17 32/32/32 31/31/31
f 18/18/18 19/19/19 33/33/33
f 18/18/18 33/33/33 32/32/32
f 19/19/19 20/20/20 34/34/34
f 19/19/19 34/34/34 33/33/33
f 20/20/20 21/21/21 35/35/35
f 20/20/20 35/35/35 34/34/34
f 21/21/21 22/22/22 36/36/36
f 21/21/21 36/36/36 35/35/35
f 22/22/22 23/23/23 37/37/37
f 22/22/22 37/37/37 36/36/36
f 23/23/23 24/24/24 38/38/38
f 23/23/23 38/38/38 37/37/37
f 24/24/24 25/25/25 39/39/39
f 24/24/24 39/39/39 38/38/38
f 26/26/26 27/27/27 41/41/41
f 26/26/26 41/41/41 40/40/40
f 27/27/27 28/28/28 42/42/42
f 27/27/27 42/42/42 41/41/41
f 28/28/28 29/29/29 43/43/43
f 28/28/28 43/43/43 42/42/42
f 29/29/29 30/30/30 44/44/44
f 29/29/29 44/44/44 43/43/43
f 30/30/30 31/31/31 45/45/45
f 30/30/30 45/45/45 44/44/44
f 31/31/31 32/32/32 46/46/46
f 31/31/31 46/46/46 45/45/45
f 32/32/32 33/33/33 47/47/47
f 32/32/32 47/47/47 46/46/46
f 33/33/33 34/34/34 48/48/48
f 33/33/33 48/48/48 47/47/47
f 34/34/34 35/35/35 49/49/49
f 34/34/34 49/49/49 48/48/48
f 35/35/35 36/36/36 50/50/50
f 35/35/35 50/50/50 49/49/49
f 36/36/36 37/37/37 51/51/51
f 36/36/36 51/51/51 50/50/50
f 37/37/37 38/38/38 52/52/52
f 37/37/37 52/52/52 51/51/51
f 38/38/38 39/39/39 53/53/53
f 38/38/38 53/53/53 52/52/52
f 40/40/40 41/41/41 56/56/56
f 40/40/40 56/56/56 55/55/55
f 41/41/41 42/42/42 57/57/57
f 41/41/41 57/57/57 56/56/56
f 42/42/42 43/43/43 58/58/58
f 42/42/42 58/58/58 57/57/57
f 43/43/43 44/44/44 59/59/59
f 43/43/43 59/59/59 58/58/58
f 44/44/44 45/45/45 60/60/60
f 44/44/44 60/60/60 59/59/59
f 45/45/45 46/46/46 61/61/61
f 45/45/45 61/61/61 60/60/60
f 46/46/46 47/47/47 62/62/62
f 46/46/46 62/62/62 61/61/61
f 47/47/47 48/48/48 63/63/63
f 47/47/47 63/63/63 62/62/62
f 48/48/48 49/49/49 64/64/64
f 48/48/48 64/64/64 63/63/63
f 49/49/49 50/50/50 65/65/65
f 49/49/49 65/65/65 64/64/64
f 50/50/50 51/51/51 66/66/66
f 50/50/50 66/66/66 65/65/65
f 51/51/51 52/52/52 67/67/67
f 51/51/51 67/67/67 66/66/66
f 52/52/52 53/53/53 68/68/68
f 52/52/52 68/68/68 67/67/67
f 54/54/54 55/55/55 70/70/70
f 54/54/54 70/70/70 69/69/69
f 55/55/55 56/56/56 71/71/71
f 55/55/55 71/71/71 70/70/70
f 56/56/56 57/57/57 72/72/72
f 56/56/56 72/72/72 71/71/71
f 57/57/57 58/58/58 73/73/73
f 57/57/57 73/73/73 72/72/72
f 58/58/58 59/59/59 74/74/74
f 58/58/58 74/74/74 73/73/73
f 59/59/59 60/60/60 75/75/75
f 59/59/59 75/75/75 74/74/74
f 60/60/60 61/61/61 76/76/76
f 60/60/60 76/76/76 75/75/75
f 61/61/61 62/62/62 77/77/77
f 61/61/61 77/77/77 76/76/76
f 62/62/62 63/63/63 78/78/78
f 62/62/62 78/78/78 77/77/77
f 63/63/63 64/64/64 79/79/79
f 63/63/63 79/79/79 78/78/78
f 64/64/64 65/65/65 80/80/80
f 64/64/64 80/80/80 79/79/79
f 65/65/65 66/66/66 81/81/81
f 65/65/65 81/81/81 80/80/80
f 66/66/66 67/67/67 82/82/82
f 66/66/66 82/82/82 81/81/81
f 67/67/67 68/68/68 83/83/83
f 67/67/67 83/83/83 82/82/82
f 69/69/69 70/70/70 85/85/85
f 69/69/69 85/85/85 84/84/84
f 70/70/70 71/71/71 86/86/86
f 70/70/70 86/86/86 85/85/85
f 71/71/71 72/72/72 87/87/87
f 71/71/71 87/87/87 86/86/86
f 72/72/72 73/73/73 88/88/88
f 72/72/72 88/88/88 87/87/87
f 73/73/73 74/74/74 89/89/89
f 73/73/73 89/89/89 88/88/88
f 74/74/74 75/75/75 90/90/90
f 74/74/74 90/90/90 89/89/89
f 75/75/75 76/76/76 91/91/91
f 75/75/75 91/91/91 90/90/90
f 76/76/76 77/77/77 92/92/92
f 76/76/76 92/92/92 91/91/91
f 77/77/77 78/78/78 93/93/93
f 77/77/77 93/93/93 92/92/92
f 78/78/78 79/79/79 94/94/94
f 78/78/78 94/94/94 93/93/93
f 79/79/79 80/80/80 95/95/95
f 79/79/79 95/95/95 94/94/94
f 80/80/80 81/81/81 96/96/96
f 80/80/80 96/96/96 95/95/95
f 81/81/81 82/82/82 97/97/97
f 81/81/81 97/97/97 96/96/96
f 82/82/82 83/83/83 98/98/98
f 82/82/82 98/98/98 97/97/97
f 86/86/86 87/87/87 100/100/100
f 86/86/86 100/100/100 99/99/99
f 87/87/87 88/88/88 101/101/101
f 87/87/87 101/101/101 100/100/100
f 88/88/88 89/89/89 102/102/102
f 88/88/88 102/102/102 101/101/101
f 89/89/89 90/90/90 103/103/103
f 89/89/89 103/103/103 102/102/102
f 90/90/90 91/91/91 104/104/104
f 90/90/90 104/104/104 103/103/103
f 91/91/91 92/92/92 105/105/105
f 91/91/91 105/105/105 104/104/104
f 92/92/92 93/93/93 106/106/106
f 92/92/92 106/106/106 105/105/105
f 93/93/93 94/94/94 107/107/107
f 93/93/93 107/107/107 106/106/106
f 94/94/94 95/95/95 108/108/108
f 94/94/94 108/108/108 107/107/107
f 95/95/95 96/96/96 109/109/109
f 95/95/95 109/109/109 108/108/108
f 96/96/96 97/97/97 110/110/110
f 96/96/96 110/110/110 109/109/109
f 97/97/97 98/98/98 111/111/111
f 97/97/97 111/111/111 110/110/110
f 100/100/100 101/101/101 113/113/113
f 100/100/100 113/113/113 112/112/112
f 101/101/101 102/102/102 114/114/114
f 101/101/101 114/114/114 113/113/113
f 102/102/102 103/103/103 115/115/115
f 102/102/102 115/115/115 114/114/114
f 103/103/103 104/104/104 116/116/116
f 103/103/103 116/116/116 115/115/115
f 104/104/104 105/105/105 117/117/117
f 104/104/104 117/117/117 116/116/116
f 105/105/105 106/106/106 118/118/118
f 105/105/105 118/118/118 117/117/117
f 106/106/106 107/107/107 119/119/119
f 106/106/106 119/119/119 118/118/118
f 107/107/107 108/108/108 120/120/120
f 107/107/107 120/120/120 119/119/119
f 108/108/108 109/109/109 121/121/121
f 108/108/108 121/121/121 120/120/120
f 109/109/109 110/110/110 122/122/122
f 109/109/109 122/122/122 121/121/121
f 112/112/112 113/113/113 124/124/124
f 112/112/112 124/124/124 123/123/123
f 113/113/113 114/114/114 125/125/125
f 113/113/113 125/125/125 124/124/124
f 114/114/114 115/115/115 126/126/126
f 114/114/114 126/126/126 125/125/125
f 115/115/115 116/116/116 127/127/127
f 115/115/115 127/127/127 126/126/126
f 116/116/116 117/117/117 128/128/128
f 116/116/116 128/128/128 127/127/127
f 117/117/117 118/118/118 129/129/129
f 117/117/117 129/129/129 128/128/128
f 118/118/118 119/119/119 130/130/130
f 118/118/118 130/130/130 129/129/129
f 119/119/119 120/120/120 131/131/131
f 119/119/119 131/131/131 130/130/130
f 120/120/120 121/121/121 132/132/132
f 120/120/120 132/132/132 131/131/131
f 121/121/121 122/122/122 133/133/133
f 121/121/121 133/133/133 132/132/132
f 124/124/124 125/125/125 135/135/135
f 124/124/124 135/135/135 134/134/134
f 125/125/125 126/126/126 136/136/136
f 125/125/125 136/136/136 135/135/135
f 126/126/126 127/127/127 137/137/137
f 126/126/126 137/137/137 136/136/136
f 127/127/127 128/128/128 138/138/138
f 127/127/127 138/138/138 137/137/137
f 128/128/128 129/129/129 139/139/139
f 128/128/128 139/139/139 138/138/138
g gravel_small_patches_island_02
f 140/140/140 141/141/141 144/144/144
f 140/140/140 144/144/144 143/143/143
f 141/141/141 142/142/142 145/145/145
f 141/141/141 145/145/145 144/144/144
f 143/143/143 144/144/144 151/151/151
f 143/143/143 151/151/151 150/150/150
f 144/144/144 145/145/145 152/152/152
f 144/144/144 152/152/152 151/151/151
f 145/145/145 146/146/146 153/153/153
f 145/145/145 153/153/153 152/152/152
f 146/146/146 147/147/147 154/154/154
f 146/146/146 154/154/154 153/153/153
f 147/147/147 148/148/148 155/155/155
f 147/147/147 155/155/155 154/154/154
f 149/149/149 150/150/150 158/158/158
f 149/149/149 158/158/158 157/157/157
f 150/150/150 151/151/151 159/159/159
f 150/150/150 159/159/159 158/158/158
f 151/151/151 152/152/152 160/160/160
f 151/151/151 160/160/160 159/159/159
f 152/152/152 153/153/153 161/161/161
f 152/152/152 161/161/161 160/160/160
f 153/153/153 154/154/154 162/162/162
f 153/153/153 162/162/162 161/161/161
f 154/154/154 155/155/155 163/163/163
f 154/154/154 163/163/163 162/162/162
f 155/155/155 156/156/156 164/164/164
f 155/155/155 164/164/164 163/163/163
f 157/157/157 158/158/158 167/167/167
f 157/157/157 167/167/167 166/166/166
f 158/158/158 159/159/159 168/168/168
f 158/158/158 168/168/168 167/167/167
f 159/159/159 160/160/160 169/169/169
f 159/159/159 169/169/169 168/168/168
f 160/160/160 161/161/161 170/170/170
f 160/160/160 170/170/170 169/169/169
f 161/161/161 162/162/162 171/171/171
f 161/161/161 171/171/171 170/170/170
f 162/162/162 163/163/163 172/172/172
f 162/162/162 172/172/172 171/171/171
f 163/163/163 164/164/164 173/173/173
f 163/163/163 173/173/173 172/172/172
f 165/165/165 166/166/166 175/175/175
f 165/165/165 175/175/175 174/174/174
f 166/166/166 167/167/167 176/176/176
f 166/166/166 176/176/176 175/175/175
f 167/167/167 168/168/168 177/177/177
f 167/167/167 177/177/177 176/176/176
f 168/168/168 169/169/169 178/178/178
f 168/168/168 178/178/178 177/177/177
f 169/169/169 170/170/170 179/179/179
f 169/169/169 179/179/179 178/178/178
f 170/170/170 171/171/171 180/180/180
f 170/170/170 180/180/180 179/179/179
f 171/171/171 172/172/172 181/181/181
f 171/171/171 181/181/181 180/180/180
f 172/172/172 173/173/173 182/182/182
f 172/172/172 182/182/182 181/181/181
f 174/174/174 175/175/175 184/184/184
f 174/174/174 184/184/184 183/183/183
f 175/175/175 176/176/176 185/185/185
f 175/175/175 185/185/185 184/184/184
f 176/176/176 177/177/177 186/186/186
f 176/176/176 186/186/186 185/185/185
f 177/177/177 178/178/178 187/187/187
f 177/177/177 187/187/187 186/186/186
f 178/178/178 179/179/179 188/188/188
f 178/178/178 188/188/188 187/187/187
f 179/179/179 180/180/180 189/189/189
f 179/179/179 189/189/189 188/188/188
f 180/180/180 181/181/181 190/190/190
f 180/180/180 190/190/190 189/189/189
f 181/181/181 182/182/182 191/191/191
f 181/181/181 191/191/191 190/190/190
f 183/183/183 184/184/184 193/193/193
f 183/183/183 193/193/193 192/192/192
f 184/184/184 185/185/185 194/194/194
f 184/184/184 194/194/194 193/193/193
f 185/185/185 186/186/186 195/195/195
f 185/185/185 195/195/195 194/194/194
f 186/186/186 187/187/187 196/196/196
f 186/186/186 196/196/196 195/195/195
f 187/187/187 188/188/188 197/197/197
f 187/187/187 197/197/197 196/196/196
f 188/188/188 189/189/189 198/198/198
f 188/188/188 198/198/198 197/197/197
f 189/189/189 190/190/190 199/199/199
f 189/189/189 199/199/199 198/198/198
f 190/190/190 191/191/191 200/200/200
f 190/190/190 200/200/200 199/199/199
f 193/193/193 194/194/194 202/202/202
f 193/193/193 202/202/202 201/201/201
f 194/194/194 195/195/195 203/203/203
f 194/194/194 203/203/203 202/202/202
f 195/195/195 196/196/196 204/204/204
f 195/195/195 204/204/204 203/203/203
f 196/196/196 197/197/197 205/205/205
f 196/196/196 205/205/205 204/204/204
f 197/197/197 198/198/198 206/206/206
f 197/197/197 206/206/206 205/205/205
f 198/198/198 199/199/199 207/207/207
f 198/198/198 207/207/207 206/206/206
f 199/199/199 200/200/200 208/208/208
f 199/199/199 208/208/208 207/207/207
f 202/202/202 203/203/203 210/210/210
f 202/202/202 210/210/210 209/209/209
f 203/203/203 204/204/204 211/211/211
f 203/203/203 211/211/211 210/210/210
f 204/204/204 205/205/205 212/212/212
f 204/204/204 212/212/212 211/211/211
f 205/205/205 206/206/206 213/213/213
f 205/205/205 213/213/213 212/212/212
f 206/206/206 207/207/207 214/214/214
f 206/206/206 214/214/214 213/213/213
f 210/210/210 211/211/211 216/216/216
f 210/210/210 216/216/216 215/215/215
f 211/211/211 212/212/212 217/217/217
f 211/211/211 217/217/217 216/216/216
g gravel_small_patches_island_03
f 218/218/218 219/219/219 227/227/227
f 218/218/218 227/227/227 226/226/226
f 219/219/219 220/220/220 228/228/228
f 219/219/219 228/228/228 227/227/227
f 220/220/220 221/221/221 229/229/229
f 220/220/220 229/229/229 228/228/228
f 221/221/221 222/222/222 230/230/230
f 221/221/221 230/230/230 229/229/229
f 223/223/223 224/224/224 234/234/234
f 223/223/223 234/234/234 233/233/233
f 224/224/224 225/225/225 235/235/235
f 224/224/224 235/235/235 234/234/234
f 225/225/225 226/226/226 236/236/236
f 225/225/225 236/236/236 235/235/235
f 226/226/226 227/227/227 237/237/237
f 226/226/226 237/237/237 236/236/236
f 227/227/227 228/228/228 238/238/238
f 227/227/227 238/238/238 237/237/237
f 228/228/228 229/229/229 239/239/239
f 228/228/228 239/239/239 238/238/238
f 229/229/229 230/230/230 240/240/240
f 229/229/229 240/240/240 239/239/239
f 230/230/230 231/231/231 241/241/241
f 230/230/230 241/241/241 240/240/240
f 231/231/231 232/232/232 242/242/242
f 231/231/231 242/242/242 241/241/241
f 233/233/233 234/234/234 244/244/244
f 233/233/233 244/244/244 243/243/243
f 234/234/234 235/235/235 245/245/245
f 234/234/234 245/245/245 244/244/244
f 235/235/235 236/236/236 246/246/246
f 235/235/235 246/246/246 245/245/245
f 236/236/236 237/237/237 247/247/247
f 236/236/236 247/247/247 246/246/246
f 237/237/237 238/238/238 248/248/248
f 237/237/237 248/248/248 247/247/247
f 238/238/238 239/239/239 249/249/249
f 238/238/238 249/249/249 248/248/248
f 239/239/239 240/240/240 250/250/250
f 239/239/239 250/250/250 249/249/249
f 240/240/240 241/241/241 251/251/251
f 240/240/240 251/251/251 250/250/250
f 241/241/241 242/242/242 252/252/252
f 241/241/241 252/252/252 251/251/251
f 243/243/243 244/244/244 255/255/255
f 243/243/243 255/255/255 254/254/254
f 244/244/244 245/245/245 256/256/256
f 244/244/244 256/256/256 255/255/255
f 245/245/245 246/246/246 257/257/257
f 245/245/245 257/257/257 256/256/256
f 246/246/246 247/247/247 258/258/258
f 246/246/246 258/258/258 257/257/257
f 247/247/247 248/248/248 259/259/259
f 247/247/247 259/259/259 258/258/258
f 248/248/248 249/249/249 260/260/260
f 248/248/248 260/260/260 259/259/259
f 249/249/249 250/250/250 261/261/261
f 249/249/249 261/261/261 260/260/260
f 250/250/250 251/251/251 262/262/262
f 250/250/250 262/262/262 261/261/261
f 251/251/251 252/252/252 263/263/263
f 251/251/251 263/263/263 262/262/262
f 252/252/252 253/253/253 264/264/264
f 252/252/252 264/264/264 263/263/263
f 254/254/254 255/255/255 266/266/266
f 254/254/254 266/266/266 265/265/265
f 255/255/255 256/256/256 267/267/267
f 255/255/255 267/267/267 266/266/266
f 256/256/256 257/257/257 268/268/268
f 256/256/256 268/268/268 267/267/267
f 257/257/257 258/258/258 269/269/269
f 257/257/257 269/269/269 268/268/268
f 258/258/258 259/259/259 270/270/270
f 258/258/258 270/270/270 269/269/269
f 259/259/259 260/260/260 271/271/271
f 259/259/259 271/271/271 270/270/270
f 260/260/260 261/261/261 272/272/272
f 260/260/260 272/272/272 271/271/271
f 261/261/261 262/262/262 273/273/273
f 261/261/261 273/273/273 272/272/272
f 262/262/262 263/263/263 274/274/274
f 262/262/262 274/274/274 273/273/273
f 263/263/263 264/264/264 275/275/275
f 263/263/263 275/275/275 274/274/274
f 266/266/266 267/267/267 277/277/277
f 266/266/266 277/277/277 276/276/276
f 267/267/267 268/268/268 278/278/278
f 267/267/267 278/278/278 277/277/277
f 268/268/268 269/269/269 279/279/279
f 268/268/268 279/279/279 278/278/278
f 269/269/269 270/270/270 280/280/280
f 269/269/269 280/280/280 279/279/279
f 270/270/270 271/271/271 281/281/281
f 270/270/270 281/281/281 280/280/280
f 271/271/271 272/272/272 282/282/282
f 271/271/271 282/282/282 281/281/281
f 272/272/272 273/273/273 283/283/283
f 272/272/272 283/283/283 282/282/282
f 279/279/279 280/280/280 285/285/285
f 279/279/279 285/285/285 284/284/284
f 280/280/280 281/281/281 286/286/286
f 280/280/280 286/286/286 285/285/285
f 281/281/281 282/282/282 287/287/287
f 281/281/281 287/287/287 286/286/286
g gravel_small_patches_island_04
f 288/288/288 289/289/289 294/294/294
f 288/288/288 294/294/294 293/293/293
f 289/289/289 290/290/290 295/295/295
f 289/289/289 295/295/295 294/294/294
f 290/290/290 291/291/291 296/296/296
f 290/290/290 296/296/296 295/295/295
f 292/292/292 293/293/293 301/301/301
f 292/292/292 301/301/301 300/300/300
f 293/293/293 294/294/294 302/302/302
f 293/293/293 302/302/302 301/301/301
f 294/294/294 295/295/295 303/303/303
f 294/294/294 303/303/303 302/302/302
f 295/295/295 296/296/296 304/304/304
f 295/295/295 304/304/304 303/303/303
f 296/296/296 297/297/297 305/305/305
f 296/296/296 305/305/305 304/304/304
f 298/298/298 299/299/299 310/310/310
f 298/298/298 310/310/310 309/309/309
f 299/299/299 300/300/300 311/311/311
f 299/299/299 311/311/311 310/310/310
f 300/300/300 301/301/301 312/312/312
f 300/300/300 312/312/312 311/311/311
f 301/301/301 302/302/302 313/313/313
f 301/301/301 313/313/313 312/312/312
f 302/302/302 303/303/303 314/314/314
f 302/302/302 314/314/314 313/313/313
f 303/303/303 304/304/304 315/315/315
f 303/303/303 315/315/315 314/314/314
f 304/304/304 305/305/305 316/316/316
f 304/304/304 316/316/316 315/315/315
f 305/305/305 306/306/306 317/317/317
f 305/305/305 317/317/317 316/316/316
f 306/306/306 307/307/307 318/318/318
f 306/306/306 318/318/318 317/317/317
f 308/308/308 309/309/309 320/320/320
f 308/308/308 320/320/320 319/319/319
f 309/309/309 310/310/310 321/321/321
f 309/309/309 321/321/321 320/320/320
f 310/310/310 311/311/311 322/322/322
f 310/310/310 322/322/322 321/321/321
f 311/311/311 312/312/312 323/323/323
f 311/311/311 323/323/323 322/322/322
f 312/312/312 313/313/313 324/324/324
f 312/312/312 324/324/324 323/323/323
f 313/313/313 314/314/314 325/325/325
f 313/313/313 325/325/325 324/324/324
f 314/314/314 315/315/315 326/326/326
f 314/314/314 326/326/326 325/325/325
f 315/315/315 316/316/316 327/327/327
f 315/315/315 327/327/327 326/326/326
f 316/316/316 317/317/317 328/328/328
f 316/316/316 328/328/328 327/327/327
f 317/317/317 318/318/318 329/329/329
f 317/317/317 329/329/329 328/328/328
f 319/319/319 320/320/320 331/331/331
f 319/319/319 331/331/331 330/330/330
f 320/320/320 321/321/321 332/332/332
f 320/320/320 332/332/332 331/331/331
f 321/321/321 322/322/322 333/333/333
f 321/321/321 333/333/333 332/332/332
f 322/322/322 323/323/323 334/334/334
f 322/322/322 334/334/334 333/333/333
f 323/323/323 324/324/324 335/335/335
f 323/323/323 335/335/335 334/334/334
f 324/324/324 325/325/325 336/336/336
f 324/324/324 336/336/336 335/335/335
f 325/325/325 326/326/326 337/337/337
f 325/325/325 337/337/337 336/336/336
f 326/326/326 327/327/327 338/338/338
f 326/326/326 338/338/338 337/337/337
f 327/327/327 328/328/328 339/339/339
f 327/327/327 339/339/339 338/338/338
f 328/328/328 329/329/329 340/340/340
f 328/328/328 340/340/340 339/339/339
f 331/331/331 332/332/332 342/342/342
f 331/331/331 342/342/342 341/341/341
f 332/332/332 333/333/333 343/343/343
f 332/332/332 343/343/343 342/342/342
f 333/333/333 334/334/334 344/344/344
f 333/333/333 344/344/344 343/343/343
f 334/334/334 335/335/335 345/345/345
f 334/334/334 345/345/345 344/344/344
f 335/335/335 336/336/336 346/346/346
f 335/335/335 346/346/346 345/345/345
f 336/336/336 337/337/337 347/347/347
f 336/336/336 347/347/347 346/346/346
f 337/337/337 338/338/338 348/348/348
f 337/337/337 348/348/348 347/347/347
f 338/338/338 339/339/339 349/349/349
f 338/338/338 349/349/349 348/348/348
f 339/339/339 340/340/340 350/350/350
f 339/339/339 350/350/350 349/349/349
f 341/341/341 342/342/342 352/352/352
f 341/341/341 352/352/352 351/351/351
f 342/342/342 343/343/343 353/353/353
f 342/342/342 353/353/353 352/352/352
f 343/343/343 344/344/344 354/354/354
f 343/343/343 354/354/354 353/353/353
f 344/344/344 345/345/345 355/355/355
f 344/344/344 355/355/355 354/354/354
f 345/345/345 346/346/346 356/356/356
f 345/345/345 356/356/356 355/355/355
f 346/346/346 347/347/347 357/357/357
f 346/346/346 357/357/357 356/356/356
f 347/347/347 348/348/348 358/358/358
f 347/347/347 358/358/358 357/357/357
f 348/348/348 349/349/349 359/359/359
f 348/348/348 359/359/359 358/358/358
f 351/351/351 352/352/352 361/361/361
f 351/351/351 361/361/361 360/360/360
f 352/352/352 353/353/353 362/362/362
f 352/352/352 362/362/362 361/361/361
f 353/353/353 354/354/354 363/363/363
f 353/353/353 363/363/363 362/362/362
f 354/354/354 355/355/355 364/364/364
f 354/354/354 364/364/364 363/363/363
f 355/355/355 356/356/356 365/365/365
f 355/355/355 365/365/365 364/364/364
f 356/356/356 357/357/357 366/366/366
f 356/356/356 366/366/366 365/365/365
f 357/357/357 358/358/358 367/367/367
f 357/357/357 367/367/367 366/366/366
f 358/358/358 359/359/359 368/368/368
f 358/358/358 368/368/368 367/367/367
f 364/364/364 365/365/365 370/370/370
f 364/364/364 370/370/370 369/369/369
g gravel_small_patches_island_05
f 371/371/371 372/372/372 379/379/379
f 371/371/371 379/379/379 378/378/378
f 372/372/372 373/373/373 380/380/380
f 372/372/372 380/380/380 379/379/379
f 373/373/373 374/374/374 381/381/381
f 373/373/373 381/381/381 380/380/380
f 374/374/374 375/375/375 382/382/382
f 374/374/374 382/382/382 381/381/381
f 375/375/375 376/376/376 383/383/383
f 375/375/375 383/383/383 382/382/382
f 377/377/377 378/378/378 389/389/389
f 377/377/377 389/389/389 388/388/388
f 378/378/378 379/379/379 390/390/390
f 378/378/378 390/390/390 389/389/389
f 379/379/379 380/380/380 391/391/391
f 379/379/379 391/391/391 390/390/390
f 380/380/380 381/381/381 392/392/392
f 380/380/380 392/392/392 391/391/391
f 381/381/381 382/382/382 393/393/393
f 381/381/381 393/393/393 392/392/392
f 382/382/382 383/383/383 394/394/394
f 382/382/382 394/394/394 393/393/393
f 383/383/383 384/384/384 395/395/395
f 383/383/383 395/395/395 394/394/394
f 384/384/384 385/385/385 396/396/396
f 384/384/384 396/396/396 395/395/395
f 386/386/386 387/387/387 399/399/399
f 386/386/386 399/399/399 398/398/398
f 387/387/387 388/388/388 400/400/400
f 387/387/387 400/400/400 399/399/399
f 388/388/388 389/389/389 401/401/401
f 388/388/388 401/401/401 400/400/400
f 389/389/389 390/390/390 402/402/402
f 389/389/389 402/402/402 401/401/401
f 390/390/390 391/391/391 403/403/403
f 390/390/390 403/403/403 402/402/402
f 391/391/391 392/392/392 404/404/404
f 391/391/391 404/404/404 403/403/403
f 392/392/392 393/393/393 405/405/405
f 392/392/392 405/405/405 404/404/404
f 393/393/393 394/394/394 406/406/406
f 393/393/393 406/406/406 405/405/405
f 394/394/394 395/395/395 407/407/407
f 394/394/394 407/407/407 406/406/406
f 395/395/395 396/396/396 408/408/408
f 395/395/395 408/408/408 407/407/407
f 396/396/396 397/397/397 409/409/409
f 396/396/396 409/409/409 408/408/408
f 398/398/398 399/399/399 412/412/412
f 398/398/398 412/412/412 411/411/411
f 399/399/399 400/400/400 413/413/413
f 399/399/399 413/413/413 412/412/412
f 400/400/400 401/401/401 414/414/414
f 400/400/400 414/414/414 413/413/413
f 401/401/401 402/402/402 415/415/415
f 401/401/401 415/415/415 414/414/414
f 402/402/402 403/403/403 416/416/416
f 402/402/402 416/416/416 415/415/415
f 403/403/403 404/404/404 417/417/417
f 403/403/403 417/417/417 416/416/416
f 404/404/404 405/405/405 418/418/418
f 404/404/404 418/418/418 417/417/417
f 405/405/405 406/406/406 419/419/419
f 405/405/405 419/419/419 418/418/418
f 406/406/406 407/407/407 420/420/420
f 406/406/406 420/420/420 419/419/419
f 407/407/407 408/408/408 421/421/421
f 407/407/407 421/421/421 420/420/420
f 408/408/408 409/409/409 422/422/422
f 408/408/408 422/422/422 421/421/421
f 410/410/410 411/411/411 424/424/424
f 410/410/410 424/424/424 423/423/423
f 411/411/411 412/412/412 425/425/425
f 411/411/411 425/425/425 424/424/424
f 412/412/412 413/413/413 426/426/426
f 412/412/412 426/426/426 425/425/425
f 413/413/413 414/414/414 427/427/427
f 413/413/413 427/427/427 426/426/426
f 414/414/414 415/415/415 428/428/428
f 414/414/414 428/428/428 427/427/427
f 415/415/415 416/416/416 429/429/429
f 415/415/415 429/429/429 428/428/428
f 416/416/416 417/417/417 430/430/430
f 416/416/416 430/430/430 429/429/429
f 417/417/417 418/418/418 431/431/431
f 417/417/417 431/431/431 430/430/430
f 418/418/418 419/419/419 432/432/432
f 418/418/418 432/432/432 431/431/431
f 419/419/419 420/420/420 433/433/433
f 419/419/419 433/433/433 432/432/432
f 420/420/420 421/421/421 434/434/434
f 420/420/420 434/434/434 433/433/433
f 421/421/421 422/422/422 435/435/435
f 421/421/421 435/435/435 434/434/434
f 424/424/424 425/425/425 437/437/437
f 424/424/424 437/437/437 436/436/436
f 425/425/425 426/426/426 438/438/438
f 425/425/425 438/438/438 437/437/437
f 426/426/426 427/427/427 439/439/439
f 426/426/426 439/439/439 438/438/438
f 427/427/427 428/428/428 440/440/440
f 427/427/427 440/440/440 439/439/439
f 428/428/428 429/429/429 441/441/441
f 428/428/428 441/441/441 440/440/440
f 429/429/429 430/430/430 442/442/442
f 429/429/429 442/442/442 441/441/441
f 430/430/430 431/431/431 443/443/443
f 430/430/430 443/443/443 442/442/442
f 431/431/431 432/432/432 444/444/444
f 431/431/431 444/444/444 443/443/443
f 432/432/432 433/433/433 445/445/445
f 432/432/432 445/445/445 444/444/444
f 433/433/433 434/434/434 446/446/446
f 433/433/433 446/446/446 445/445/445
f 434/434/434 435/435/435 447/447/447
f 434/434/434 447/447/447 446/446/446
f 437/437/437 438/438/438 449/449/449
f 437/437/437 449/449/449 448/448/448
f 438/438/438 439/439/439 450/450/450
f 438/438/438 450/450/450 449/449/449
f 439/439/439 440/440/440 451/451/451
f 439/439/439 451/451/451 450/450/450
f 440/440/440 441/441/441 452/452/452
f 440/440/440 452/452/452 451/451/451
f 441/441/441 442/442/442 453/453/453
f 441/441/441 453/453/453 452/452/452
f 442/442/442 443/443/443 454/454/454
f 442/442/442 454/454/454 453/453/453
f 443/443/443 444/444/444 455/455/455
f 443/443/443 455/455/455 454/454/454
f 444/444/444 445/445/445 456/456/456
f 444/444/444 456/456/456 455/455/455
f 445/445/445 446/446/446 457/457/457
f 445/445/445 457/457/457 456/456/456
f 448/448/448 449/449/449 459/459/459
f 448/448/448 459/459/459 458/458/458
f 449/449/449 450/450/450 460/460/460
f 449/449/449 460/460/460 459/459/459
f 450/450/450 451/451/451 461/461/461
f 450/450/450 461/461/461 460/460/460
f 451/451/451 452/452/452 462/462/462
f 451/451/451 462/462/462 461/461/461
f 452/452/452 453/453/453 463/463/463
f 452/452/452 463/463/463 462/462/462
f 453/453/453 454/454/454 464/464/464
f 453/453/453 464/464/464 463/463/463
f 454/454/454 455/455/455 465/465/465
f 454/454/454 465/465/465 464/464/464
f 455/455/455 456/456/456 466/466/466
f 455/455/455 466/466/466 465/465/465
f 456/456/456 457/457/457 467/467/467
f 456/456/456 467/467/467 466/466/466
f 458/458/458 459/459/459 469/469/469
f 458/458/458 469/469/469 468/468/468
f 459/459/459 460/460/460 470/470/470
f 459/459/459 470/470/470 469/469/469
f 460/460/460 461/461/461 471/471/471
f 460/460/460 471/471/471 470/470/470
f 461/461/461 462/462/462 472/472/472
f 461/461/461 472/472/472 471/471/471
f 462/462/462 463/463/463 473/473/473
f 462/462/462 473/473/473 472/472/472
f 463/463/463 464/464/464 474/474/474
f 463/463/463 474/474/474 473/473/473
f 464/464/464 465/465/465 475/475/475
f 464/464/464 475/475/475 474/474/474
f 465/465/465 466/466/466 476/476/476
f 465/465/465 476/476/476 475/475/475
f 466/466/466 467/467/467 477/477/477
f 466/466/466 477/477/477 476/476/476
g gravel_small_patches_island_06
f 478/478/478 479/479/479 486/486/486
f 478/478/478 486/486/486 485/485/485
f 479/479/479 480/480/480 487/487/487
f 479/479/479 487/487/487 486/486/486
f 480/480/480 481/481/481 488/488/488
f 480/480/480 488/488/488 487/487/487
f 481/481/481 482/482/482 489/489/489
f 481/481/481 489/489/489 488/488/488
f 482/482/482 483/483/483 490/490/490
f 482/482/482 490/490/490 489/489/489
f 484/484/484 485/485/485 493/493/493
f 484/484/484 493/493/493 492/492/492
f 485/485/485 486/486/486 494/494/494
f 485/485/485 494/494/494 493/493/493
f 486/486/486 487/487/487 495/495/495
f 486/486/486 495/495/495 494/494/494
f 487/487/487 488/488/488 496/496/496
f 487/487/487 496/496/496 495/495/495
f 488/488/488 489/489/489 497/497/497
f 488/488/488 497/497/497 496/496/496
f 489/489/489 490/490/490 498/498/498
f 489/489/489 498/498/498 497/497/497
f 490/490/490 491/491/491 499/499/499
f 490/490/490 499/499/499 498/498/498
f 492/492/492 493/493/493 504/504/504
f 492/492/492 504/504/504 503/503/503
f 493/493/493 494/494/494 505/505/505
f 493/493/493 505/505/505 504/504/504
f 494/494/494 495/495/495 506/506/506
f 494/494/494 506/506/506 505/505/505
f 495/495/495 496/496/496 507/507/507
f 495/495/495 507/507/507 506/506/506
f 496/496/496 497/497/497 508/508/508
f 496/496/496 508/508/508 507/507/507
f 497/497/497 498/498/498 509/509/509
f 497/497/497 509/509/509 508/508/508
f 498/498/498 499/499/499 510/510/510
f 498/498/498 510/510/510 509/509/509
f 499/499/499 500/500/500 511/511/511
f 499/499/499 511/511/511 510/510/510
f 500/500/500 501/501/501 512/512/512
f 500/500/500 512/512/512 511/511/511
f 502/502/502 503/503/503 515/515/515
f 502/502/502 515/515/515 514/514/514
f 503/503/503 504/504/504 516/516/516
f 503/503/503 516/516/516 515/515/515
f 504/504/504 505/505/505 517/517/517
f 504/504/504 517/517/517 516/516/516
f 505/505/505 506/506/506 518/518/518
f 505/505/505 518/518/518 517/517/517
f 506/506/506 507/507/507 519/519/519
f 506/506/506 519/519/519 518/518/518
f 507/507/507 508/508/508 520/520/520
f 507/507/507 520/520/520 519/519/519
f 508/508/508 509/509/509 521/521/521
f 508/508/508 521/521/521 520/520/520
f 509/509/509 510/510/510 522/522/522
f 509/509/509 522/522/522 521/521/521
f 510/510/510 511/511/511 523/523/523
f 510/510/510 523/523/523 522/522/522
f 511/511/511 512/512/512 524/524/524
f 511/511/511 524/524/524 523/523/523
f 513/513/513 514/514/514 526/526/526
f 513/513/513 526/526/526 525/525/525
f 514/514/514 515/515/515 527/527/527
f 514/514/514 527/527/527 526/526/526
f 515/515/515 516/516/516 528/528/528
f 515/515/515 528/528/528 527/527/527
f 516/516/516 517/517/517 529/529/529
f 516/516/516 529/529/529 528/528/528
f 517/517/517 518/518/518 530/530/530
f 517/517/517 530/530/530 529/529/529
f 518/518/518 519/519/519 531/531/531
f 518/518/518 531/531/531 530/530/530
f 519/519/519 520/520/520 532/532/532
f 519/519/519 532/532/532 531/531/531
f 520/520/520 521/521/521 533/533/533
f 520/520/520 533/533/533 532/532/532
f 521/521/521 522/522/522 534/534/534
f 521/521/521 534/534/534 533/533/533
f 522/522/522 523/523/523 535/535/535
f 522/522/522 535/535/535 534/534/534
f 523/523/523 524/524/524 536/536/536
f 523/523/523 536/536/536 535/535/535
f 525/525/525 526/526/526 538/538/538
f 525/525/525 538/538/538 537/537/537
f 526/526/526 527/527/527 539/539/539
f 526/526/526 539/539/539 538/538/538
f 527/527/527 528/528/528 540/540/540
f 527/527/527 540/540/540 539/539/539
f 528/528/528 529/529/529 541/541/541
f 528/528/528 541/541/541 540/540/540
f 529/529/529 530/530/530 542/542/542
f 529/529/529 542/542/542 541/541/541
f 530/530/530 531/531/531 543/543/543
f 530/530/530 543/543/543 542/542/542
f 531/531/531 532/532/532 544/544/544
f 531/531/531 544/544/544 543/543/543
f 532/532/532 533/533/533 545/545/545
f 532/532/532 545/545/545 544/544/544
f 533/533/533 534/534/534 546/546/546
f 533/533/533 546/546/546 545/545/545
f 534/534/534 535/535/535 547/547/547
f 534/534/534 547/547/547 546/546/546
f 535/535/535 536/536/536 548/548/548
f 535/535/535 548/548/548 547/547/547
f 537/537/537 538/538/538 550/550/550
f 537/537/537 550/550/550 549/549/549
f 538/538/538 539/539/539 551/551/551
f 538/538/538 551/551/551 550/550/550
f 539/539/539 540/540/540 552/552/552
f 539/539/539 552/552/552 551/551/551
f 540/540/540 541/541/541 553/553/553
f 540/540/540 553/553/553 552/552/552
f 541/541/541 542/542/542 554/554/554
f 541/541/541 554/554/554 553/553/553
f 542/542/542 543/543/543 555/555/555
f 542/542/542 555/555/555 554/554/554
f 543/543/543 544/544/544 556/556/556
f 543/543/543 556/556/556 555/555/555
f 544/544/544 545/545/545 557/557/557
f 544/544/544 557/557/557 556/556/556
f 545/545/545 546/546/546 558/558/558
f 545/545/545 558/558/558 557/557/557
f 546/546/546 547/547/547 559/559/559
f 546/546/546 559/559/559 558/558/558
f 547/547/547 548/548/548 560/560/560
f 547/547/547 560/560/560 559/559/559
f 549/549/549 550/550/550 562/562/562
f 549/549/549 562/562/562 561/561/561
f 550/550/550 551/551/551 563/563/563
f 550/550/550 563/563/563 562/562/562
f 551/551/551 552/552/552 564/564/564
f 551/551/551 564/564/564 563/563/563
f 552/552/552 553/553/553 565/565/565
f 552/552/552 565/565/565 564/564/564
f 553/553/553 554/554/554 566/566/566
f 553/553/553 566/566/566 565/565/565
f 554/554/554 555/555/555 567/567/567
f 554/554/554 567/567/567 566/566/566
f 555/555/555 556/556/556 568/568/568
f 555/555/555 568/568/568 567/567/567
f 556/556/556 557/557/557 569/569/569
f 556/556/556 569/569/569 568/568/568
f 557/557/557 558/558/558 570/570/570
f 557/557/557 570/570/570 569/569/569
f 558/558/558 559/559/559 571/571/571
f 558/558/558 571/571/571 570/570/570
f 559/559/559 560/560/560 572/572/572
f 559/559/559 572/572/572 571/571/571
f 562/562/562 563/563/563 574/574/574
f 562/562/562 574/574/574 573/573/573
f 563/563/563 564/564/564 575/575/575
f 563/563/563 575/575/575 574/574/574
f 564/564/564 565/565/565 576/576/576
f 564/564/564 576/576/576 575/575/575
f 565/565/565 566/566/566 577/577/577
f 565/565/565 577/577/577 576/576/576
f 566/566/566 567/567/567 578/578/578
f 566/566/566 578/578/578 577/577/577
f 567/567/567 568/568/568 579/579/579
f 567/567/567 579/579/579 578/578/578
f 568/568/568 569/569/569 580/580/580
f 568/568/568 580/580/580 579/579/579
f 569/569/569 570/570/570 581/581/581
f 569/569/569 581/581/581 580/580/580
f 570/570/570 571/571/571 582/582/582
f 570/570/570 582/582/582 581/581/581
f 571/571/571 572/572/572 583/583/583
f 571/571/571 583/583/583 582/582/582
f 574/574/574 575/575/575 585/585/585
f 574/574/574 585/585/585 584/584/584
f 575/575/575 576/576/576 586/586/586
f 575/575/575 586/586/586 585/585/585
f 576/576/576 577/577/577 587/587/587
f 576/576/576 587/587/587 586/586/586
f 577/577/577 578/578/578 588/588/588
f 577/577/577 588/588/588 587/587/587
f 578/578/578 579/579/579 589/589/589
f 578/578/578 589/589/589 588/588/588
f 579/579/579 580/580/580 590/590/590
f 579/579/579 590/590/590 589/589/589
f 580/580/580 581/581/581 591/591/591
f 580/580/580 591/591/591 590/590/590
f 581/581/581 582/582/582 592/592/592
f 581/581/581 592/592/592 591/591/591
f 584/584/584 585/585/585 594/594/594
f 584/584/584 594/594/594 593/593/593
f 585/585/585 586/586/586 595/595/595
f 585/585/585 595/595/595 594/594/594
f 586/586/586 587/587/587 596/596/596
f 586/586/586 596/596/596 595/595/595
f 587/587/587 588/588/588 597/597/597
f 587/587/587 597/597/597 596/596/596
f 588/588/588 589/589/589 598/598/598
f 588/588/588 598/598/598 597/597/597
f 589/589/589 590/590/590 599/599/599
f 589/589/589 599/599/599 598/598/598
f 590/590/590 591/591/591 600/600/600
f 590/590/590 600/600/600 599/599/599
f 591/591/591 592/592/592 601/601/601
f 591/591/591 601/601/601 600/600/600
f 594/594/594 595/595/595 603/603/603
f 594/594/594 603/603/603 602/602/602
f 595/595/595 596/596/596 604/604/604
f 595/595/595 604/604/604 603/603/603
f 596/596/596 597/597/597 605/605/605
f 596/596/596 605/605/605 604/604/604
f 597/597/597 598/598/598 606/606/606
f 597/597/597 606/606/606 605/605/605
g gravel_small_patches_island_07
f 607/607/607 608/608/608 615/615/615
f 607/607/607 615/615/615 614/614/614
f 608/608/608 609/609/609 616/616/616
f 608/608/608 616/616/616 615/615/615
f 610/610/610 611/611/611 620/620/620
f 610/610/610 620/620/620 619/619/619
f 611/611/611 612/612/612 621/621/621
f 611/611/611 621/621/621 620/620/620
f 612/612/612 613/613/613 622/622/622
f 612/612/612 622/622/622 621/621/621
f 613/613/613 614/614/614 623/623/623
f 613/613/613 623/623/623 622/622/622
f 614/614/614 615/615/615 624/624/624
f 614/614/614 624/624/624 623/623/623
f 615/615/615 616/616/616 625/625/625
f 615/615/615 625/625/625 624/624/624
f 616/616/616 617/617/617 626/626/626
f 616/616/616 626/626/626 625/625/625
f 618/618/618 619/619/619 629/629/629
f 618/618/618 629/629/629 628/628/628
f 619/619/619 620/620/620 630/630/630
f 619/619/619 630/630/630 629/629/629
f 620/620/620 621/621/621 631/631/631
f 620/620/620 631/631/631 630/630/630
f 621/621/621 622/622/622 632/632/632
f 621/621/621 632/632/632 631/631/631
f 622/622/622 623/623/623 633/633/633
f 622/622/622 633/633/633 632/632/632
f 623/623/623 624/624/624 634/634/634
f 623/623/623 634/634/634 633/633/633
f 624/624/624 625/625/625 635/635/635
f 624/624/624 635/635/635 634/634/634
f 625/625/625 626/626/626 636/636/636
f 625/625/625 636/636/636 635/635/635
f 626/626/626 627/627/627 637/637/637
f 626/626/626 637/637/637 636/636/636
f 628/628/628 629/629/629 640/640/640
f 628/628/628 640/640/640 639/639/639
f 629/629/629 630/630/630 641/641/641
f 629/629/629 641/641/641 640/640/640
f 630/630/630 631/631/631 642/642/642
f 630/630/630 642/642/642 641/641/641
f 631/631/631 632/632/632 643/643/643
f 631/631/631 643/643/643 642/642/642
f 632/632/632 633/633/633 644/644/644
f 632/632/632 644/644/644 643/643/643
f 633/633/633 634/634/634 645/645/645
f 633/633/633 645/645/645 644/644/644
f 634/634/634 635/635/635 646/646/646
f 634/634/634 646/646/646 645/645/645
f 635/635/635 636/636/636 647/647/647
f 635/635/635 647/647/647 646/646/646
f 636/636/636 637/637/637 648/648/648
f 636/636/636 648/648/648 647/647/647
f 637/637/637 638/638/638 649/649/649
f 637/637/637 649/649/649 648/648/648
f 639/639/639 640/640/640 653/653/653
f 639/639/639 653/653/653 652/652/652
f 640/640/640 641/641/641 654/654/654
f 640/640/640 654/654/654 653/653/653
f 641/641/641 642/642/642 655/655/655
f 641/641/641 655/655/655 654/654/654
f 642/642/642 643/643/643 656/656/656
f 642/642/642 656/656/656 655/655/655
f 643/643/643 644/644/644 657/657/657
f 643/643/643 657/657/657 656/656/656
f 644/644/644 645/645/645 658/658/658
f 644/644/644 658/658/658 657/657/657
f 645/645/645 646/646/646 659/659/659
f 645/645/645 659/659/659 658/658/658
f 646/646/646 647/647/647 660/660/660
f 646/646/646 660/660/660 659/659/659
f 647/647/647 648/648/648 661/661/661
f 647/647/647 661/661/661 660/660/660
f 648/648/648 649/649/649 662/662/662
f 648/648/648 662/662/662 661/661/661
f 649/649/649 650/650/650 663/663/663
f 649/649/649 663/663/663 662/662/662
f 651/651/651 652/652/652 665/665/665
f 651/651/651 665/665/665 664/664/664
f 652/652/652 653/653/653 666/666/666
f 652/652/652 666/666/666 665/665/665
f 653/653/653 654/654/654 667/667/667
f 653/653/653 667/667/667 666/666/666
f 654/654/654 655/655/655 668/668/668
f 654/654/654 668/668/668 667/667/667
f 655/655/655 656/656/656 669/669/669
f 655/655/655 669/669/669 668/668/668
f 656/656/656 657/657/657 670/670/670
f 656/656/656 670/670/670 669/669/669
f 657/657/657 658/658/658 671/671/671
f 657/657/657 671/671/671 670/670/670
f 658/658/658 659/659/659 672/672/672
f 658/658/658 672/672/672 671/671/671
f 659/659/659 660/660/660 673/673/673
f 659/659/659 673/673/673 672/672/672
f 660/660/660 661/661/661 674/674/674
f 660/660/660 674/674/674 673/673/673
f 661/661/661 662/662/662 675/675/675
f 661/661/661 675/675/675 674/674/674
f 662/662/662 663/663/663 676/676/676
f 662/662/662 676/676/676 675/675/675
f 665/665/665 666/666/666 678/678/678
f 665/665/665 678/678/678 677/677/677
f 666/666/666 667/667/667 679/679/679
f 666/666/666 679/679/679 678/678/678
f 667/667/667 668/668/668 680/680/680
f 667/667/667 680/680/680 679/679/679
f 668/668/668 669/669/669 681/681/681
f 668/668/668 681/681/681 680/680/680
f 669/669/669 670/670/670 682/682/682
f 669/669/669 682/682/682 681/681/681
f 670/670/670 671/671/671 683/683/683
f 670/670/670 683/683/683 682/682/682
f 671/671/671 672/672/672 684/684/684
f 671/671/671 684/684/684 683/683/683
f 672/672/672 673/673/673 685/685/685
f 672/672/672 685/685/685 684/684/684
f 673/673/673 674/674/674 686/686/686
f 673/673/673 686/686/686 685/685/685
f 674/674/674 675/675/675 687/687/687
f 674/674/674 687/687/687 686/686/686
f 677/677/677 678/678/678 689/689/689
f 677/677/677 689/689/689 688/688/688
f 678/678/678 679/679/679 690/690/690
f 678/678/678 690/690/690 689/689/689
f 679/679/679 680/680/680 691/691/691
f 679/679/679 691/691/691 690/690/690
f 680/680/680 681/681/681 692/692/692
f 680/680/680 692/692/692 691/691/691
f 681/681/681 682/682/682 693/693/693
f 681/681/681 693/693/693 692/692/692
f 682/682/682 683/683/683 694/694/694
f 682/682/682 694/694/694 693/693/693
f 683/683/683 684/684/684 695/695/695
f 683/683/683 695/695/695 694/694/694
f 684/684/684 685/685/685 696/696/696
f 684/684/684 696/696/696 695/695/695
f 685/685/685 686/686/686 697/697/697
f 685/685/685 697/697/697 696/696/696
f 691/691/691 692/692/692 699/699/699
f 691/691/691 699/699/699 698/698/698
f 692/692/692 693/693/693 700/700/700
f 692/692/692 700/700/700 699/699/699
f 693/693/693 694/694/694 701/701/701
f 693/693/693 701/701/701 700/700/700
f 694/694/694 695/695/695 702/702/702
f 694/694/694 702/702/702 701/701/701
f 695/695/695 696/696/696 703/703/703
f 695/695/695 703/703/703 702/702/702
g gravel_small_patches_island_08
f 704/704/704 705/705/705 711/711/711
f 704/704/704 711/711/711 710/710/710
f 705/705/705 706/706/706 712/712/712
f 705/705/705 712/712/712 711/711/711
f 706/706/706 707/707/707 713/713/713
f 706/706/706 713/713/713 712/712/712
f 707/707/707 708/708/708 714/714/714
f 707/707/707 714/714/714 713/713/713
f 709/709/709 710/710/710 719/719/719
f 709/709/709 719/719/719 718/718/718
f 710/710/710 711/711/711 720/720/720
f 710/710/710 720/720/720 719/719/719
f 711/711/711 712/712/712 721/721/721
f 711/711/711 721/721/721 720/720/720
f 712/712/712 713/713/713 722/722/722
f 712/712/712 722/722/722 721/721/721
f 713/713/713 714/714/714 723/723/723
f 713/713/713 723/723/723 722/722/722
f 714/714/714 715/715/715 724/724/724
f 714/714/714 724/724/724 723/723/723
f 715/715/715 716/716/716 725/725/725
f 715/715/715 725/725/725 724/724/724
f 717/717/717 718/718/718 727/727/727
f 717/717/717 727/727/727 726/726/726
f 718/718/718 719/719/719 728/728/728
f 718/718/718 728/728/728 727/727/727
f 719/719/719 720/720/720 729/729/729
f 719/719/719 729/729/729 728/728/728
f 720/720/720 721/721/721 730/730/730
f 720/720/720 730/730/730 729/729/729
f 721/721/721 722/722/722 731/731/731
f 721/721/721 731/731/731 730/730/730
f 722/722/722 723/723/723 732/732/732
f 722/722/722 732/732/732 731/731/731
f 723/723/723 724/724/724 733/733/733
f 723/723/723 733/733/733 732/732/732
f 724/724/724 725/725/725 734/734/734
f 724/724/724 734/734/734 733/733/733
f 726/726/726 727/727/727 736/736/736
f 726/726/726 736/736/736 735/735/735
f 727/727/727 728/728/728 737/737/737
f 727/727/727 737/737/737 736/736/736
f 728/728/728 729/729/729 738/738/738
f 728/728/728 738/738/738 737/737/737
f 729/729/729 730/730/730 739/739/739
f 729/729/729 739/739/739 738/738/738
f 730/730/730 731/731/731 740/740/740
f 730/730/730 740/740/740 739/739/739
f 731/731/731 732/732/732 741/741/741
f 731/731/731 741/741/741 740/740/740
f 732/732/732 733/733/733 742/742/742
f 732/732/732 742/742/742 741/741/741
f 733/733/733 734/734/734 743/743/743
f 733/733/733 743/743/743 742/742/742
f 735/735/735 736/736/736 745/745/745
f 735/735/735 745/745/745 744/744/744
f 736/736/736 737/737/737 746/746/746
f 736/736/736 746/746/746 745/745/745
f 737/737/737 738/738/738 747/747/747
f 737/737/737 747/747/747 746/746/746
f 738/738/738 739/739/739 748/748/748
f 738/738/738 748/748/748 747/747/747
f 739/739/739 740/740/740 749/749/749
f 739/739/739 749/749/749 748/748/748
f 740/740/740 741/741/741 750/750/750
f 740/740/740 750/750/750 749/749/749
f 741/741/741 742/742/742 751/751/751
f 741/741/741 751/751/751 750/750/750
f 742/742/742 743/743/743 752/752/752
f 742/742/742 752/752/752 751/751/751
f 745/745/745 746/746/746 754/754/754
f 745/745/745 754/754/754 753/753/753
f 746/746/746 747/747/747 755/755/755
f 746/746/746 755/755/755 754/754/754
f 747/747/747 748/748/748 756/756/756
f 747/747/747 756/756/756 755/755/755
f 748/748/748 749/749/749 757/757/757
f 748/748/748 757/757/757 756/756/756
f 749/749/749 750/750/750 758/758/758
f 749/749/749 758/758/758 757/757/757
f 750/750/750 751/751/751 759/759/759
f 750/750/750 759/759/759 758/758/758
f 751/751/751 752/752/752 760/760/760
f 751/751/751 760/760/760 759/759/759
f 754/754/754 755/755/755 762/762/762
f 754/754/754 762/762/762 761/761/761
f 755/755/755 756/756/756 763/763/763
f 755/755/755 763/763/763 762/762/762
f 756/756/756 757/757/757 764/764/764
f 756/756/756 764/764/764 763/763/763
g gravel_small_patches_island_09
f 765/765/765 766/766/766 770/770/770
f 765/765/765 770/770/770 769/769/769
f 766/766/766 767/767/767 771/771/771
f 766/766/766 771/771/771 770/770/770
f 768/768/768 769/769/769 777/777/777
f 768/768/768 777/777/777 776/776/776
f 769/769/769 770/770/770 778/778/778
f 769/769/769 778/778/778 777/777/777
f 770/770/770 771/771/771 779/779/779
f 770/770/770 779/779/779 778/778/778
f 771/771/771 772/772/772 780/780/780
f 771/771/771 780/780/780 779/779/779
f 772/772/772 773/773/773 781/781/781
f 772/772/772 781/781/781 780/780/780
f 773/773/773 774/774/774 782/782/782
f 773/773/773 782/782/782 781/781/781
f 775/775/775 776/776/776 787/787/787
f 775/775/775 787/787/787 786/786/786
f 776/776/776 777/777/777 788/788/788
f 776/776/776 788/788/788 787/787/787
f 777/777/777 778/778/778 789/789/789
f 777/777/777 789/789/789 788/788/788
f 778/778/778 779/779/779 790/790/790
f 778/778/778 790/790/790 789/789/789
f 779/779/779 780/780/780 791/791/791
f 779/779/779 791/791/791 790/790/790
f 780/780/780 781/781/781 792/792/792
f 780/780/780 792/792/792 791/791/791
f 781/781/781 782/782/782 793/793/793
f 781/781/781 793/793/793 792/792/792
f 782/782/782 783/783/783 794/794/794
f 782/782/782 794/794/794 793/793/793
f 783/783/783 784/784/784 795/795/795
f 783/783/783 795/795/795 794/794/794
f 785/785/785 786/786/786 799/799/799
f 785/785/785 799/799/799 798/798/798
f 786/786/786 787/787/787 800/800/800
f 786/786/786 800/800/800 799/799/799
f 787/787/787 788/788/788 801/801/801
f 787/787/787 801/801/801 800/800/800
f 788/788/788 789/789/789 802/802/802
f 788/788/788 802/802/802 801/801/801
f 789/789/789 790/790/790 803/803/803
f 789/789/789 803/803/803 802/802/802
f 790/790/790 791/791/791 804/804/804
f 790/790/790 804/804/804 803/803/803
f 791/791/791 792/792/792 805/805/805
f 791/791/791 805/805/805 804/804/804
f 792/792/792 793/793/793 806/806/806
f 792/792/792 806/806/806 805/805/805
f 793/793/793 794/794/794 807/807/807
f 793/793/793 807/807/807 806/806/806
f 794/794/794 795/795/795 808/808/808
f 794/794/794 808/808/808 807/807/807
f 795/795/795 796/796/796 809/809/809
f 795/795/795 809/809/809 808/808/808
f 797/797/797 798/798/798 811/811/811
f 797/797/797 811/811/811 810/810/810
f 798/798/798 799/799/799 812/812/812
f 798/798/798 812/812/812 811/811/811
f 799/799/799 800/800/800 813/813/813
f 799/799/799 813/813/813 812/812/812
f 800/800/800 801/801/801 814/814/814
f 800/800/800 814/814/814 813/813/813
f 801/801/801 802/802/802 815/815/815
f 801/801/801 815/815/815 814/814/814
f 802/802/802 803/803/803 816/816/816
f 802/802/802 816/816/816 815/815/815
f 803/803/803 804/804/804 817/817/817
f 803/803/803 817/817/817 816/816/816
f 804/804/804 805/805/805 818/818/818
f 804/804/804 818/818/818 817/817/817
f 805/805/805 806/806/806 819/819/819
f 805/805/805 819/819/819 818/818/818
f 806/806/806 807/807/807 820/820/820
f 806/806/806 820/820/820 819/819/819
f 807/807/807 808/808/808 821/821/821
f 807/807/807 821/821/821 820/820/820
f 810/810/810 811/811/811 823/823/823
f 810/810/810 823/823/823 822/822/822
f 811/811/811 812/812/812 824/824/824
f 811/811/811 824/824/824 823/823/823
f 812/812/812 813/813/813 825/825/825
f 812/812/812 825/825/825 824/824/824
f 813/813/813 814/814/814 826/826/826
f 813/813/813 826/826/826 825/825/825
f 814/814/814 815/815/815 827/827/827
f 814/814/814 827/827/827 826/826/826
f 815/815/815 816/816/816 828/828/828
f 815/815/815 828/828/828 827/827/827
f 816/816/816 817/817/817 829/829/829
f 816/816/816 829/829/829 828/828/828
f 817/817/817 818/818/818 830/830/830
f 817/817/817 830/830/830 829/829/829
f 818/818/818 819/819/819 831/831/831
f 818/818/818 831/831/831 830/830/830
f 819/819/819 820/820/820 832/832/832
f 819/819/819 832/832/832 831/831/831
f 820/820/820 821/821/821 833/833/833
f 820/820/820 833/833/833 832/832/832
f 822/822/822 823/823/823 836/836/836
f 822/822/822 836/836/836 835/835/835
f 823/823/823 824/824/824 837/837/837
f 823/823/823 837/837/837 836/836/836
f 824/824/824 825/825/825 838/838/838
f 824/824/824 838/838/838 837/837/837
f 825/825/825 826/826/826 839/839/839
f 825/825/825 839/839/839 838/838/838
f 826/826/826 827/827/827 840/840/840
f 826/826/826 840/840/840 839/839/839
f 827/827/827 828/828/828 841/841/841
f 827/827/827 841/841/841 840/840/840
f 828/828/828 829/829/829 842/842/842
f 828/828/828 842/842/842 841/841/841
f 829/829/829 830/830/830 843/843/843
f 829/829/829 843/843/843 842/842/842
f 830/830/830 831/831/831 844/844/844
f 830/830/830 844/844/844 843/843/843
f 831/831/831 832/832/832 845/845/845
f 831/831/831 845/845/845 844/844/844
f 832/832/832 833/833/833 846/846/846
f 832/832/832 846/846/846 845/845/845
f 833/833/833 834/834/834 847/847/847
f 833/833/833 847/847/847 846/846/846
f 836/836/836 837/837/837 849/849/849
f 836/836/836 849/849/849 848/848/848
f 837/837/837 838/838/838 850/850/850
f 837/837/837 850/850/850 849/849/849
f 838/838/838 839/839/839 851/851/851
f 838/838/838 851/851/851 850/850/850
f 839/839/839 840/840/840 852/852/852
f 839/839/839 852/852/852 851/851/851
f 840/840/840 841/841/841 853/853/853
f 840/840/840 853/853/853 852/852/852
f 841/841/841 842/842/842 854/854/854
f 841/841/841 854/854/854 853/853/853
f 842/842/842 843/843/843 855/855/855
f 842/842/842 855/855/855 854/854/854
f 843/843/843 844/844/844 856/856/856
f 843/843/843 856/856/856 855/855/855
f 844/844/844 845/845/845 857/857/857
f 844/844/844 857/857/857 856/856/856
f 845/845/845 846/846/846 858/858/858
f 845/845/845 858/858/858 857/857/857
f 849/849/849 850/850/850 860/860/860
f 849/849/849 860/860/860 859/859/859
f 850/850/850 851/851/851 861/861/861
f 850/850/850 861/861/861 860/860/860
f 851/851/851 852/852/852 862/862/862
f 851/851/851 862/862/862 861/861/861
f 852/852/852 853/853/853 863/863/863
f 852/852/852 863/863/863 862/862/862
f 853/853/853 854/854/854 864/864/864
f 853/853/853 864/864/864 863/863/863
f 854/854/854 855/855/855 865/865/865
f 854/854/854 865/865/865 864/864/864
f 855/855/855 856/856/856 866/866/866
f 855/855/855 866/866/866 865/865/865
f 856/856/856 857/857/857 867/867/867
f 856/856/856 867/867/867 866/866/866
f 857/857/857 858/858/858 868/868/868
f 857/857/857 868/868/868 867/867/867
f 859/859/859 860/860/860 870/870/870
f 859/859/859 870/870/870 869/869/869
f 860/860/860 861/861/861 871/871/871
f 860/860/860 871/871/871 870/870/870
f 861/861/861 862/862/862 872/872/872
f 861/861/861 872/872/872 871/871/871
f 862/862/862 863/863/863 873/873/873
f 862/862/862 873/873/873 872/872/872
f 863/863/863 864/864/864 874/874/874
f 863/863/863 874/874/874 873/873/873
f 864/864/864 865/865/865 875/875/875
f 864/864/864 875/875/875 874/874/874
f 865/865/865 866/866/866 876/876/876
f 865/865/865 876/876/876 875/875/875
f 866/866/866 867/867/867 877/877/877
f 866/866/866 877/877/877 876/876/876
f 872/872/872 873/873/873 879/879/879
f 872/872/872 879/879/879 878/878/878
